Hobby-name,Type,Likely Gender,Likely Age Groups
Air sports,Outdoors and sports,Prefer not to say,"Teen (13-18), Young Adult (19-30), Adult (31-50)"
Airsoft,Outdoors and sports,Male,"Teen (13-18), Young Adult (19-30), Adult (31-50)"
Amateur geology,Outdoors and sports,Prefer not to say,"Young Adult (19-30), Adult (31-50), Senior (51-70), Elder (71-100)"
Amusement park visiting,Outdoors and sports,Prefer not to say,"Child (1-12), Teen (13-18), Young Adult (19-30), Adult (31-50)"
Archery,Outdoors and sports,Male,"Teen (13-18), Young Adult (19-30), Adult (31-50)"
Auto detailing,Outdoors and sports,Male,"Teen (13-18), Young Adult (19-30), Adult (31-50)"
Automobilism,Outdoors and sports,Male,"Teen (13-18), Young Adult (19-30), Adult (31-50)"
Astronomy,Outdoors and sports,Prefer not to say,"Teen (13-18), Young Adult (19-30), Adult (31-50)"
Backpacking,Outdoors and sports,Prefer not to say,"Teen (13-18), Young Adult (19-30), Adult (31-50)"
Badminton,Outdoors and sports,Prefer not to say,"Teen (13-18), Young Adult (19-30), Adult (31-50)"
BASE jumping,Outdoors and sports,Prefer not to say,"Teen (13-18), Young Adult (19-30), Adult (31-50)"
Baseball,Outdoors and sports,Prefer not to say,"Child (1-12), Teen (13-18), Young Adult (19-30), Adult (31-50)"
Basketball,Outdoors and sports,Prefer not to say,"Child (1-12), Teen (13-18), Young Adult (19-30), Adult (31-50)"
Beachcombing,Outdoors and sports,Prefer not to say,"Teen (13-18), Young Adult (19-30), Adult (31-50), Senior (51-70), Elder (71-100)"
Beekeeping,Outdoors and sports,Prefer not to say,"Teen (13-18), Young Adult (19-30), Adult (31-50), Senior (51-70), Elder (71-100)"
Birdwatching,Outdoors and sports,Prefer not to say,"Young Adult (19-30), Adult (31-50), Senior (51-70), Elder (71-100)"
Blacksmithing,Outdoors and sports,Prefer not to say,"Teen (13-18), Young Adult (19-30), Adult (31-50)"
BMX,Outdoors and sports,Prefer not to say,"Teen (13-18), Young Adult (19-30), Adult (31-50)"
Board sports,Outdoors and sports,Prefer not to say,"Teen (13-18), Young Adult (19-30), Adult (31-50)"
Bodybuilding,Outdoors and sports,Prefer not to say,"Teen (13-18), Young Adult (19-30), Adult (31-50)"
Camping,Outdoors and sports,Prefer not to say,"Teen (13-18), Young Adult (19-30), Adult (31-50)"
Canoeing,Outdoors and sports,Prefer not to say,"Teen (13-18), Young Adult (19-30), Adult (31-50)"
Canyoning,Outdoors and sports,Prefer not to say,"Teen (13-18), Young Adult (19-30), Adult (31-50)"
Carrier pigeons,Outdoors and sports,Prefer not to say,"Teen (13-18), Young Adult (19-30), Adult (31-50)"
Car riding,Outdoors and sports,Prefer not to say,"Teen (13-18), Young Adult (19-30), Adult (31-50)"
Car tuning,Outdoors and sports,Prefer not to say,"Teen (13-18), Young Adult (19-30), Adult (31-50)"
Caving,Outdoors and sports,Prefer not to say,"Teen (13-18), Young Adult (19-30), Adult (31-50)"
Climbing,Outdoors and sports,Prefer not to say,"Teen (13-18), Young Adult (19-30), Adult (31-50)"
Composting,Outdoors and sports,Prefer not to say,"Teen (13-18), Young Adult (19-30), Adult (31-50)"
Croquet,Outdoors and sports,Prefer not to say,"Teen (13-18), Young Adult (19-30), Adult (31-50), Senior (51-70), Elder (71-100)"
Cycling,Outdoors and sports,Prefer not to say,"Teen (13-18), Young Adult (19-30), Adult (31-50)"
Dairy Farming,Outdoors and sports,Prefer not to say,"Teen (13-18), Young Adult (19-30), Adult (31-50)"
Dandyism,Outdoors and sports,Prefer not to say,"Teen (13-18), Young Adult (19-30), Adult (31-50)"
Darts,Outdoors and sports,Prefer not to say,"Teen (13-18), Young Adult (19-30), Adult (31-50)"
Dodgeball,Outdoors and sports,Prefer not to say,"Teen (13-18), Young Adult (19-30), Adult (31-50)"
Dog training,Outdoors and sports,Prefer not to say,"Teen (13-18), Young Adult (19-30), Adult (31-50)"
Dog walking,Outdoors and sports,Prefer not to say,"Child (1-12), Teen (13-18), Young Adult (19-30)"
Dowsing,Outdoors and sports,Prefer not to say,"Teen (13-18), Young Adult (19-30), Adult (31-50)"
Driving,Outdoors and sports,Prefer not to say,"Young Adult (19-30), Adult (31-50)"
Farming,Outdoors and sports,Prefer not to say,"Teen (13-18), Young Adult (19-30), Adult (31-50)"
Fishing,Outdoors and sports,Male,"Teen (13-18), Young Adult (19-30), Adult (31-50)"
Flag football,Outdoors and sports,Prefer not to say,"Teen (13-18), Young Adult (19-30), Adult (31-50)"
Flower growing,Outdoors and sports,Prefer not to say,"Teen (13-18), Young Adult (19-30), Adult (31-50), Senior (51-70), Elder (71-100)"
Flying disc,Outdoors and sports,Prefer not to say,"Teen (13-18), Young Adult (19-30), Adult (31-50)"
Flying model planes,Outdoors and sports,Prefer not to say,"Child (1-12), Teen (13-18), Young Adult (19-30), Adult (31-50)"
Foraging,Outdoors and sports,Prefer not to say,"Teen (13-18), Young Adult (19-30), Adult (31-50)"
Fossicking,Outdoors and sports,Prefer not to say,"Teen (13-18), Young Adult (19-30), Adult (31-50)"
Freestyle football,Outdoors and sports,Prefer not to say,"Teen (13-18), Young Adult (19-30), Adult (31-50)"
Fruit picking,Outdoors and sports,Prefer not to say,"Child (1-12), Teen (13-18), Young Adult (19-30), Adult (31-50), Senior (51-70), Elder (71-100)"
Gardening,Outdoors and sports,Prefer not to say,"Young Adult (19-30), Adult (31-50), Senior (51-70), Elder (71-100)"
Geocaching,Outdoors and sports,Prefer not to say,"Teen (13-18), Young Adult (19-30), Adult (31-50)"
Ghost hunting,Outdoors and sports,Male,"Teen (13-18), Young Adult (19-30), Adult (31-50)"
Gold prospecting,Outdoors and sports,Prefer not to say,"Child (1-12), Teen (13-18), Young Adult (19-30), Adult (31-50)"
Graffiti,Outdoors and sports,Prefer not to say,"Teen (13-18), Young Adult (19-30), Adult (31-50)"
Groundhopping,Outdoors and sports,Prefer not to say,"Teen (13-18), Young Adult (19-30), Adult (31-50)"
Guerrilla gardening,Outdoors and sports,Prefer not to say,"Young Adult (19-30), Adult (31-50), Senior (51-70), Elder (71-100)"
Gymnastics,Outdoors and sports,Prefer not to say,"Child (1-12), Teen (13-18), Young Adult (19-30), Adult (31-50)"
Handball,Outdoors and sports,Prefer not to say,"Teen (13-18), Young Adult (19-30), Adult (31-50)"
Herbalism,Outdoors and sports,Prefer not to say,"Teen (13-18), Young Adult (19-30), Adult (31-50)"
Herping,Outdoors and sports,Prefer not to say,"Teen (13-18), Young Adult (19-30), Adult (31-50)"
High-power rocketry,Outdoors and sports,Prefer not to say,"Teen (13-18), Young Adult (19-30), Adult (31-50)"
Hiking,Outdoors and sports,Prefer not to say,"Young Adult (19-30), Adult (31-50), Senior (51-70), Elder (71-100)"
Hobby horsing,Outdoors and sports,Prefer not to say,"Teen (13-18), Young Adult (19-30), Adult (31-50)"
Hobby tunneling,Outdoors and sports,Prefer not to say,"Teen (13-18), Young Adult (19-30), Adult (31-50)"
Hooping,Outdoors and sports,Prefer not to say,"Teen (13-18), Young Adult (19-30), Adult (31-50)"
Horseback riding,Outdoors and sports,Prefer not to say,"Teen (13-18), Young Adult (19-30), Adult (31-50)"
Hunting,Outdoors and sports,Male,"Teen (13-18), Young Adult (19-30), Adult (31-50), Senior (51-70)"
Inline skating,Outdoors and sports,Prefer not to say,"Teen (13-18), Young Adult (19-30), Adult (31-50)"
Jogging,Outdoors and sports,Prefer not to say,"Teen (13-18), Young Adult (19-30), Adult (31-50), Senior (51-70)"
Jumping rope,Outdoors and sports,Prefer not to say,"Child (1-12), Teen (13-18), Young Adult (19-30), Adult (31-50)"
Karting,Outdoors and sports,Prefer not to say,"Teen (13-18), Young Adult (19-30), Adult (31-50)"
Kayaking,Outdoors and sports,Prefer not to say,"Teen (13-18), Young Adult (19-30), Adult (31-50)"
Kite flying,Outdoors and sports,Prefer not to say,"Child (1-12), Teen (13-18), Young Adult (19-30), Adult (31-50)"
Kitesurfing,Outdoors and sports,Prefer not to say,"Teen (13-18), Young Adult (19-30), Adult (31-50)"
Lacrosse,Outdoors and sports,Prefer not to say,"Teen (13-18), Young Adult (19-30), Adult (31-50)"
LARPing,Outdoors and sports,Prefer not to say,"Teen (13-18), Young Adult (19-30), Adult (31-50)"
Letterboxing,Outdoors and sports,Prefer not to say,"Teen (13-18), Young Adult (19-30), Adult (31-50)"
Lomography,Outdoors and sports,Prefer not to say,"Teen (13-18), Young Adult (19-30), Adult (31-50)"
Longboarding,Outdoors and sports,Prefer not to say,"Teen (13-18), Young Adult (19-30), Adult (31-50)"
Martial arts,Outdoors and sports,Prefer not to say,"Teen (13-18), Young Adult (19-30), Adult (31-50)"
Magnet fishing,Outdoors and sports,Male,"Teen (13-18), Young Adult (19-30), Adult (31-50)"
Metal detecting,Outdoors and sports,Prefer not to say,"Teen (13-18), Young Adult (19-30), Adult (31-50)"
Motorcycling,Outdoors and sports,Male,"Young Adult (19-30), Adult (31-50)"
Meteorology,Outdoors and sports,Prefer not to say,"Teen (13-18), Young Adult (19-30), Adult (31-50)"
Motor sports,Outdoors and sports,Prefer not to say,"Teen (13-18), Young Adult (19-30), Adult (31-50)"
Mountain biking,Outdoors and sports,Prefer not to say,"Teen (13-18), Young Adult (19-30), Adult (31-50)"
Mountaineering,Outdoors and sports,Prefer not to say,"Teen (13-18), Young Adult (19-30), Adult (31-50)"
Museum visiting,Outdoors and sports,Prefer not to say,"Teen (13-18), Young Adult (19-30), Adult (31-50), Senior (51-70), Elder (71-100)"
Mushroom hunting/mycology,Outdoors and sports,Male,"Teen (13-18), Young Adult (19-30), Adult (31-50), Senior (51-70), Elder (71-100)"
Netball,Outdoors and sports,Prefer not to say,"Teen (13-18), Young Adult (19-30), Adult (31-50)"
Noodling,Outdoors and sports,Prefer not to say,"Teen (13-18), Young Adult (19-30), Adult (31-50)"
Nordic skating,Outdoors and sports,Prefer not to say,"Teen (13-18), Young Adult (19-30), Adult (31-50)"
Orienteering,Outdoors and sports,Prefer not to say,"Teen (13-18), Young Adult (19-30), Adult (31-50)"
Paintball,Outdoors and sports,Prefer not to say,"Child (1-12), Teen (13-18), Young Adult (19-30), Adult (31-50)"
Paragliding,Outdoors and sports,Prefer not to say,"Teen (13-18), Young Adult (19-30), Adult (31-50)"
Parkour,Outdoors and sports,Prefer not to say,"Teen (13-18), Young Adult (19-30), Adult (31-50)"
Photography,Outdoors and sports,Prefer not to say,"Teen (13-18), Young Adult (19-30), Adult (31-50), Senior (51-70), Elder (71-100)"
Pickleball,Outdoors and sports,Prefer not to say,"Teen (13-18), Young Adult (19-30), Adult (31-50)"
Picnicking,Outdoors and sports,Prefer not to say,"Teen (13-18), Young Adult (19-30), Adult (31-50)"
Podcast hosting,Outdoors and sports,Prefer not to say,"Teen (13-18), Young Adult (19-30), Adult (31-50)"
Polo,Outdoors and sports,Prefer not to say,"Teen (13-18), Young Adult (19-30), Adult (31-50)"
Powerlifting,Outdoors and sports,Prefer not to say,"Teen (13-18), Young Adult (19-30), Adult (31-50)"
Qigong,Outdoors and sports,Prefer not to say,"Teen (13-18), Young Adult (19-30), Adult (31-50)"
Radio-controlled model playing,Outdoors and sports,Prefer not to say,"Teen (13-18), Young Adult (19-30), Adult (31-50)"
Rafting,Outdoors and sports,Prefer not to say,"Teen (13-18), Young Adult (19-30), Adult (31-50)"
Railway journeys,Outdoors and sports,Prefer not to say,"Child (1-12), Teen (13-18), Young Adult (19-30), Adult (31-50), Senior (51-70), Elder (71-100)"
Railway modelling,Outdoors and sports,Prefer not to say,"Child (1-12), Teen (13-18), Young Adult (19-30), Adult (31-50), Senior (51-70), Elder (71-100)"
Rappelling,Outdoors and sports,Prefer not to say,"Teen (13-18), Young Adult (19-30), Adult (31-50)"
Renaissance fair,Outdoors and sports,Prefer not to say,"Teen (13-18), Young Adult (19-30), Adult (31-50)"
Renovating,Outdoors and sports,Prefer not to say,"Teen (13-18), Young Adult (19-30), Adult (31-50)"
Road biking,Outdoors and sports,Prefer not to say,"Teen (13-18), Young Adult (19-30), Adult (31-50)"
Rock climbing,Outdoors and sports,Prefer not to say,"Teen (13-18), Young Adult (19-30), Adult (31-50)"
Rock painting,Outdoors and sports,Prefer not to say,"Teen (13-18), Young Adult (19-30), Adult (31-50), Senior (51-70), Elder (71-100)"
Roller skating,Outdoors and sports,Prefer not to say,"Teen (13-18), Young Adult (19-30), Adult (31-50)"
Roundnet,Outdoors and sports,Prefer not to say,"Teen (13-18), Young Adult (19-30), Adult (31-50)"
Rugby,Outdoors and sports,Prefer not to say,"Teen (13-18), Young Adult (19-30), Adult (31-50)"
Running,Outdoors and sports,Prefer not to say,"Child (1-12), Teen (13-18), Young Adult (19-30), Adult (31-50)"
Safari,Outdoors and sports,Prefer not to say,"Child (1-12), Teen (13-18), Young Adult (19-30), Adult (31-50)"
Sailing,Outdoors and sports,Prefer not to say,"Teen (13-18), Young Adult (19-30), Adult (31-50)"
Sand art,Outdoors and sports,Prefer not to say,"Teen (13-18), Young Adult (19-30), Adult (31-50), Senior (51-70), Elder (71-100)"
Scouting,Outdoors and sports,Prefer not to say,"Teen (13-18), Young Adult (19-30), Adult (31-50)"
Scuba diving,Outdoors and sports,Prefer not to say,"Teen (13-18), Young Adult (19-30), Adult (31-50)"
Sculling or rowing,Outdoors and sports,Prefer not to say,"Teen (13-18), Young Adult (19-30), Adult (31-50)"
Shooting,Outdoors and sports,Prefer not to say,"Teen (13-18), Young Adult (19-30), Adult (31-50)"
Shopping,Outdoors and sports,Prefer not to say,"Teen (13-18), Young Adult (19-30), Adult (31-50), Senior (51-70), Elder (71-100)"
Shuffleboard,Outdoors and sports,Prefer not to say,"Teen (13-18), Young Adult (19-30), Adult (31-50)"
Skateboarding,Outdoors and sports,Prefer not to say,"Child (1-12), Teen (13-18), Young Adult (19-30), Adult (31-50)"
Skiing,Outdoors and sports,Prefer not to say,"Teen (13-18), Young Adult (19-30), Adult (31-50), Senior (51-70)"
Skimboarding,Outdoors and sports,Prefer not to say,"Teen (13-18), Young Adult (19-30), Adult (31-50)"
Skydiving,Outdoors and sports,Prefer not to say,"Teen (13-18), Young Adult (19-30), Adult (31-50)"
Slacklining,Outdoors and sports,Prefer not to say,"Teen (13-18), Young Adult (19-30), Adult (31-50)"
Sledding,Outdoors and sports,Prefer not to say,"Teen (13-18), Young Adult (19-30), Adult (31-50)"
Snorkeling,Outdoors and sports,Prefer not to say,"Teen (13-18), Young Adult (19-30), Adult (31-50)"
Snowboarding,Outdoors and sports,Prefer not to say,"Teen (13-18), Young Adult (19-30), Adult (31-50)"
Snowmobiling,Outdoors and sports,Prefer not to say,"Teen (13-18), Young Adult (19-30), Adult (31-50)"
Snowshoeing,Outdoors and sports,Prefer not to say,"Teen (13-18), Young Adult (19-30), Adult (31-50)"
Soccer,Outdoors and sports,Prefer not to say,"Child (1-12), Teen (13-18), Young Adult (19-30), Adult (31-50)"
Stone skipping,Outdoors and sports,Prefer not to say,"Teen (13-18), Young Adult (19-30), Adult (31-50)"
Storm chasing,Outdoors and sports,Prefer not to say,"Teen (13-18), Young Adult (19-30), Adult (31-50)"
Sun bathing,Outdoors and sports,Prefer not to say,"Teen (13-18), Young Adult (19-30), Adult (31-50)"
Surfing,Outdoors and sports,Prefer not to say,"Teen (13-18), Young Adult (19-30), Adult (31-50)"
Survivalism,Outdoors and sports,Prefer not to say,"Teen (13-18), Young Adult (19-30), Adult (31-50)"
Swimming,Outdoors and sports,Prefer not to say,"Child (1-12), Teen (13-18), Young Adult (19-30), Adult (31-50), Senior (51-70), Elder (71-100)"
Table tennis playing,Outdoors and sports,Prefer not to say,"Teen (13-18), Young Adult (19-30), Adult (31-50), Senior (51-70)"
Taekwondo,Outdoors and sports,Prefer not to say,"Teen (13-18), Young Adult (19-30), Adult (31-50)"
Tai chi,Outdoors and sports,Prefer not to say,"Teen (13-18), Young Adult (19-30), Adult (31-50), Senior (51-70), Elder (71-100)"
Tennis,Outdoors and sports,Prefer not to say,"Teen (13-18), Young Adult (19-30), Adult (31-50)"
Thru-hiking,Outdoors and sports,Prefer not to say,"Young Adult (19-30), Adult (31-50), Senior (51-70)"
Topiary,Outdoors and sports,Prefer not to say,"Teen (13-18), Young Adult (19-30), Adult (31-50)"
Tourism,Outdoors and sports,Prefer not to say,"Teen (13-18), Young Adult (19-30), Adult (31-50), Senior (51-70), Elder (71-100)"
Trade fair visiting,Outdoors and sports,Prefer not to say,"Teen (13-18), Young Adult (19-30), Adult (31-50)"
Travel,Outdoors and sports,Prefer not to say,"Teen (13-18), Young Adult (19-30), Adult (31-50), Senior (51-70), Elder (71-100)"
Unicycling,Outdoors and sports,Prefer not to say,"Teen (13-18), Young Adult (19-30), Adult (31-50)"
Urban exploration,Outdoors and sports,Prefer not to say,"Teen (13-18), Young Adult (19-30), Adult (31-50)"
Vacation,Outdoors and sports,Prefer not to say,"Teen (13-18), Young Adult (19-30), Adult (31-50), Senior (51-70), Elder (71-100)"
Vegetable farming,Outdoors and sports,Prefer not to say,"Teen (13-18), Young Adult (19-30), Adult (31-50), Senior (51-70), Elder (71-100)"
Vehicle restoration,Outdoors and sports,Prefer not to say,"Teen (13-18), Young Adult (19-30), Adult (31-50)"
Videography,Outdoors and sports,Prefer not to say,"Teen (13-18), Young Adult (19-30), Adult (31-50), Senior (51-70), Elder (71-100)"
Volleyball,Outdoors and sports,Prefer not to say,"Child (1-12), Teen (13-18), Young Adult (19-30), Adult (31-50)"
Volunteering,Outdoors and sports,Prefer not to say,"Teen (13-18), Young Adult (19-30), Adult (31-50), Senior (51-70), Elder (71-100)"
Walking,Outdoors and sports,Prefer not to say,"Teen (13-18), Young Adult (19-30), Adult (31-50), Senior (51-70), Elder (71-100)"
Water sports,Outdoors and sports,Prefer not to say,"Teen (13-18), Young Adult (19-30), Adult (31-50)"
Zoo visiting,Outdoors and sports,Prefer not to say,"Child (1-12), Teen (13-18), Young Adult (19-30), Adult (31-50)"
Archaeology,Educational hobby,Male,"Teen (13-18), Young Adult (19-30), Adult (31-50), Senior (51-70), Elder (71-100)"
Architecture,Educational hobby,Male,"Teen (13-18), Young Adult (19-30), Adult (31-50), Senior (51-70), Elder (71-100)"
Astronomy,Educational hobby,Prefer not to say,"Teen (13-18), Young Adult (19-30), Adult (31-50), Senior (51-70), Elder (71-100)"
Animation,Educational hobby,Prefer not to say,"Teen (13-18), Young Adult (19-30), Adult (31-50), Senior (51-70), Elder (71-100)"
Aerospace,Educational hobby,Prefer not to say,"Teen (13-18), Young Adult (19-30), Adult (31-50), Senior (51-70), Elder (71-100)"
Biology,Educational hobby,Prefer not to say,"Teen (13-18), Young Adult (19-30), Adult (31-50), Senior (51-70), Elder (71-100)"
Botany,Educational hobby,Prefer not to say,"Teen (13-18), Young Adult (19-30), Adult (31-50), Senior (51-70), Elder (71-100)"
Business,Educational hobby,Prefer not to say,"Teen (13-18), Young Adult (19-30), Adult (31-50), Senior (51-70), Elder (71-100)"
Chemistry,Educational hobby,Prefer not to say,"Teen (13-18), Young Adult (19-30), Adult (31-50), Senior (51-70), Elder (71-100)"
Entrepreneurship,Educational hobby,Prefer not to say,"Teen (13-18), Young Adult (19-30), Adult (31-50), Senior (51-70), Elder (71-100)"
Finance,Educational hobby,Prefer not to say,"Teen (13-18), Young Adult (19-30), Adult (31-50), Senior (51-70), Elder (71-100)"
Geography,Educational hobby,Prefer not to say,"Teen (13-18), Young Adult (19-30), Adult (31-50), Senior (51-70), Elder (71-100)"
History,Educational hobby,Prefer not to say,"Teen (13-18), Young Adult (19-30), Adult (31-50), Senior (51-70), Elder (71-100)"
Linguistics,Educational hobby,Prefer not to say,"Teen (13-18), Young Adult (19-30), Adult (31-50), Senior (51-70), Elder (71-100)"
Literature,Educational hobby,Prefer not to say,"Teen (13-18), Young Adult (19-30), Adult (31-50), Senior (51-70), Elder (71-100)"
Mathematics,Educational hobby,Prefer not to say,"Teen (13-18), Young Adult (19-30), Adult (31-50), Senior (51-70), Elder (71-100)"
Medical science,Educational hobby,Prefer not to say,"Teen (13-18), Young Adult (19-30), Adult (31-50), Senior (51-70), Elder (71-100)"
Microbiology,Educational hobby,Prefer not to say,"Teen (13-18), Young Adult (19-30), Adult (31-50), Senior (51-70), Elder (71-100)"
Mycology,Educational hobby,Prefer not to say,"Teen (13-18), Young Adult (19-30), Adult (31-50), Senior (51-70), Elder (71-100)"
Myrmecology,Educational hobby,Prefer not to say,"Teen (13-18), Young Adult (19-30), Adult (31-50), Senior (51-70), Elder (71-100)"
Neuroscience,Educational hobby,Prefer not to say,"Teen (13-18), Young Adult (19-30), Adult (31-50), Senior (51-70), Elder (71-100)"
Philosophy,Educational hobby,Prefer not to say,"Teen (13-18), Young Adult (19-30), Adult (31-50), Senior (51-70), Elder (71-100)"
Physics,Educational hobby,Prefer not to say,"Teen (13-18), Young Adult (19-30), Adult (31-50), Senior (51-70), Elder (71-100)"
Psychology,Educational hobby,Prefer not to say,"Teen (13-18), Young Adult (19-30), Adult (31-50), Senior (51-70), Elder (71-100)"
Railway studies,Educational hobby,Prefer not to say,"Teen (13-18), Young Adult (19-30), Adult (31-50), Senior (51-70), Elder (71-100)"
Religious studies,Educational hobby,Prefer not to say,"Teen (13-18), Young Adult (19-30), Adult (31-50), Senior (51-70), Elder (71-100)"
Research,Educational hobby,Male,"Teen (13-18), Young Adult (19-30), Adult (31-50), Senior (51-70), Elder (71-100)"
Science and technology studies,Educational hobby,Prefer not to say,"Teen (13-18), Young Adult (19-30), Adult (31-50), Senior (51-70), Elder (71-100)"
Social studies,Educational hobby,Prefer not to say,"Teen (13-18), Young Adult (19-30), Adult (31-50), Senior (51-70), Elder (71-100)"
Sociology,Educational hobby,Prefer not to say,"Teen (13-18), Young Adult (19-30), Adult (31-50), Senior (51-70), Elder (71-100)"
Sports science,Educational hobby,Prefer not to say,"Teen (13-18), Young Adult (19-30), Adult (31-50), Senior (51-70), Elder (71-100)"
Story writing,Educational hobby,Prefer not to say,"Teen (13-18), Young Adult (19-30), Adult (31-50), Senior (51-70), Elder (71-100)"
Life science,Educational hobby,Prefer not to say,"Teen (13-18), Young Adult (19-30), Adult (31-50), Senior (51-70), Elder (71-100)"
Teaching,Educational hobby,Prefer not to say,"Teen (13-18), Young Adult (19-30), Adult (31-50), Senior (51-70), Elder (71-100)"
Web design,Educational hobby,Prefer not to say,"Teen (13-18), Young Adult (19-30), Adult (31-50), Senior (51-70)"
engineering,Educational hobby,Prefer not to say,"Teen (13-18), Young Adult (19-30), Adult (31-50), Senior (51-70), Elder (71-100)"
jurisprudential,Educational hobby,Prefer not to say,"Teen (13-18), Young Adult (19-30), Adult (31-50), Senior (51-70), Elder (71-100)"
publishing,Educational hobby,Prefer not to say,"Teen (13-18), Young Adult (19-30), Adult (31-50), Senior (51-70), Elder (71-100)"
Wikipedia editing,Educational hobby,Prefer not to say,"Teen (13-18), Young Adult (19-30), Adult (31-50), Senior (51-70)"
Action figure,Indoor Collection hobby,Prefer not to say,"Child (1-12), Teen (13-18), Young Adult (19-30), Adult (31-50)"
Antiquing,Indoor Collection hobby,Prefer not to say,"Teen (13-18), Young Adult (19-30), Adult (31-50), Senior (51-70), Elder (71-100)"
Ant-keeping,Indoor Collection hobby,Prefer not to say,"Teen (13-18), Young Adult (19-30), Adult (31-50), Senior (51-70), Elder (71-100)"
Art collecting,Indoor Collection hobby,Prefer not to say,"Teen (13-18), Young Adult (19-30), Adult (31-50), Senior (51-70), Elder (71-100)"
Book collecting,Indoor Collection hobby,Prefer not to say,"Teen (13-18), Young Adult (19-30), Adult (31-50), Senior (51-70), Elder (71-100)"
Button collecting,Indoor Collection hobby,Prefer not to say,"Teen (13-18), Young Adult (19-30), Adult (31-50), Senior (51-70), Elder (71-100)"
Cartophily (card collecting),Indoor Collection hobby,Prefer not to say,"Teen (13-18), Young Adult (19-30), Adult (31-50), Senior (51-70), Elder (71-100)"
Coin collecting,Indoor Collection hobby,Prefer not to say,"Teen (13-18), Young Adult (19-30), Adult (31-50), Senior (51-70), Elder (71-100)"
Comic book collecting,Indoor Collection hobby,Prefer not to say,"Child (1-12), Teen (13-18), Young Adult (19-30), Adult (31-50)"
Compact discs,Indoor Collection hobby,Prefer not to say,"Teen (13-18), Young Adult (19-30), Adult (31-50), Senior (51-70), Elder (71-100)"
Crystals,Indoor Collection hobby,Prefer not to say,"Teen (13-18), Young Adult (19-30), Adult (31-50), Senior (51-70), Elder (71-100)"
Deltiology (postcard collecting),Indoor Collection hobby,Prefer not to say,"Teen (13-18), Young Adult (19-30), Adult (31-50), Senior (51-70), Elder (71-100)"
Die-cast toy,Indoor Collection hobby,Prefer not to say,"Teen (13-18), Young Adult (19-30), Adult (31-50), Senior (51-70), Elder (71-100)"
Digital hoarding,Indoor Collection hobby,Prefer not to say,"Teen (13-18), Young Adult (19-30), Adult (31-50), Senior (51-70), Elder (71-100)"
Dolls,Indoor Collection hobby,Prefer not to say,"Child (1-12), Teen (13-18)"
Element collecting,Indoor Collection hobby,Prefer not to say,"Teen (13-18), Young Adult (19-30), Adult (31-50), Senior (51-70), Elder (71-100)"
Ephemera collecting,Indoor Collection hobby,Prefer not to say,"Teen (13-18), Young Adult (19-30), Adult (31-50), Senior (51-70), Elder (71-100)"
Films,Indoor Collection hobby,Prefer not to say,"Teen (13-18), Young Adult (19-30), Adult (31-50), Senior (51-70), Elder (71-100)"
Fingerprint collecting,Indoor Collection hobby,Prefer not to say,"Teen (13-18), Young Adult (19-30), Adult (31-50), Senior (51-70), Elder (71-100)"
Fusilately (phonecard collecting),Indoor Collection hobby,Prefer not to say,"Teen (13-18), Young Adult (19-30), Adult (31-50), Senior (51-70), Elder (71-100)"
Knife collecting,Indoor Collection hobby,Prefer not to say,"Teen (13-18), Young Adult (19-30), Adult (31-50), Senior (51-70), Elder (71-100)"
Lapel pins,Indoor Collection hobby,Prefer not to say,"Teen (13-18), Young Adult (19-30), Adult (31-50), Senior (51-70), Elder (71-100)"
Lotology (lottery ticket collecting),Indoor Collection hobby,Prefer not to say,"Teen (13-18), Young Adult (19-30), Adult (31-50), Senior (51-70), Elder (71-100)"
Movie memorabilia collecting,Indoor Collection hobby,Prefer not to say,"Teen (13-18), Young Adult (19-30), Adult (31-50), Senior (51-70), Elder (71-100)"
Notaphily (banknote collecting),Indoor Collection hobby,Prefer not to say,"Teen (13-18), Young Adult (19-30), Adult (31-50), Senior (51-70), Elder (71-100)"
Perfume,Indoor Collection hobby,Prefer not to say,"Teen (13-18), Young Adult (19-30), Adult (31-50)"
Philately,Indoor Collection hobby,Prefer not to say,"Teen (13-18), Young Adult (19-30), Adult (31-50), Senior (51-70), Elder (71-100)"
Phillumeny,Indoor Collection hobby,Prefer not to say,"Teen (13-18), Young Adult (19-30), Adult (31-50), Senior (51-70), Elder (71-100)"
Radio-controlled model collecting,Indoor Collection hobby,Prefer not to say,"Teen (13-18), Young Adult (19-30), Adult (31-50), Senior (51-70), Elder (71-100)"
Rail transport modelling,Indoor Collection hobby,Prefer not to say,"Teen (13-18), Young Adult (19-30), Adult (31-50), Senior (51-70), Elder (71-100)"
Record collecting,Indoor Collection hobby,Prefer not to say,"Teen (13-18), Young Adult (19-30), Adult (31-50), Senior (51-70), Elder (71-100)"
Rock tumbling,Indoor Collection hobby,Prefer not to say,"Teen (13-18), Young Adult (19-30), Adult (31-50)"
Scutelliphily,Indoor Collection hobby,Prefer not to say,"Teen (13-18), Young Adult (19-30), Adult (31-50)"
Shoes,Indoor Collection hobby,Prefer not to say,"Teen (13-18), Young Adult (19-30), Adult (31-50), Senior (51-70)"
Slot car,Indoor Collection hobby,Prefer not to say,"Teen (13-18), Young Adult (19-30), Adult (31-50)"
Sports memorabilia,Indoor Collection hobby,Prefer not to say,"Teen (13-18), Young Adult (19-30), Adult (31-50), Senior (51-70), Elder (71-100)"
Stamp collecting,Indoor Collection hobby,Prefer not to say,"Teen (13-18), Young Adult (19-30), Adult (31-50), Senior (51-70), Elder (71-100)"
Stuffed toy collecting,Indoor Collection hobby,Prefer not to say,"Teen (13-18), Young Adult (19-30), Adult (31-50), Senior (51-70), Elder (71-100)"
Tea bag collecting,Indoor Collection hobby,Prefer not to say,"Teen (13-18), Young Adult (19-30), Adult (31-50), Senior (51-70), Elder (71-100)"
Ticket collecting,Indoor Collection hobby,Prefer not to say,"Teen (13-18), Young Adult (19-30), Adult (31-50), Senior (51-70), Elder (71-100)"
Transit map collecting,Indoor Collection hobby,Prefer not to say,"Teen (13-18), Young Adult (19-30), Adult (31-50), Senior (51-70), Elder (71-100)"
Video game collecting,Indoor Collection hobby,Other,"Child (1-12), Teen (13-18), Young Adult (19-30)"
Vintage cars,Indoor Collection hobby,Prefer not to say,"Teen (13-18), Young Adult (19-30), Adult (31-50), Senior (51-70), Elder (71-100)"
Vintage clothing,Indoor Collection hobby,Prefer not to say,"Teen (13-18), Young Adult (19-30), Adult (31-50), Senior (51-70), Elder (71-100)"
Vinyl records,Indoor Collection hobby,Prefer not to say,"Teen (13-18), Young Adult (19-30), Adult (31-50), Senior (51-70), Elder (71-100)"
Antiquities,Outdoor Collection hobby,Prefer not to say,"Teen (13-18), Young Adult (19-30), Adult (31-50), Senior (51-70), Elder (71-100)"
Auto audiophilia,Outdoor Collection hobby,Male,"Teen (13-18), Young Adult (19-30), Adult (31-50), Senior (51-70), Elder (71-100)"
Flower collecting and pressing,Outdoor Collection hobby,Prefer not to say,"Teen (13-18), Young Adult (19-30), Adult (31-50), Senior (51-70), Elder (71-100)"
Fossil hunting,Outdoor Collection hobby,Male,"Teen (13-18), Young Adult (19-30), Adult (31-50), Senior (51-70), Elder (71-100)"
Insect collecting,Outdoor Collection hobby,Prefer not to say,"Child (1-12), Teen (13-18), Young Adult (19-30), Adult (31-50), Senior (51-70), Elder (71-100)"
Leaves collecting,Outdoor Collection hobby,Prefer not to say,"Child (1-12), Teen (13-18), Young Adult (19-30), Adult (31-50)"
Magnet fishing,Outdoor Collection hobby,Male,"Teen (13-18), Young Adult (19-30), Adult (31-50)"
Metal detecting,Outdoor Collection hobby,Prefer not to say,"Teen (13-18), Young Adult (19-30), Adult (31-50), Senior (51-70), Elder (71-100)"
Mineral collecting,Outdoor Collection hobby,Prefer not to say,"Teen (13-18), Young Adult (19-30), Adult (31-50), Senior (51-70), Elder (71-100)"
Rock balancing,Outdoor Collection hobby,Prefer not to say,"Teen (13-18), Young Adult (19-30), Adult (31-50), Senior (51-70), Elder (71-100)"
Sea glass collecting,Outdoor Collection hobby,Prefer not to say,"Teen (13-18), Young Adult (19-30), Adult (31-50), Senior (51-70), Elder (71-100)"
Seashell collecting,Outdoor Collection hobby,Prefer not to say,"Child (1-12), Teen (13-18), Young Adult (19-30), Adult (31-50), Senior (51-70), Elder (71-100)"
Stone collecting,Outdoor Collection hobby,Prefer not to say,"Child (1-12), Teen (13-18), Young Adult (19-30), Adult (31-50), Senior (51-70), Elder (71-100)"
Air hockey,Indoor Competitive hobby,Prefer not to say,"Teen (13-18), Young Adult (19-30), Adult (31-50)"
Axe throwing,Indoor Competitive hobby,Prefer not to say,"Teen (13-18), Young Adult (19-30), Adult (31-50)"
Backgammon,Indoor Competitive hobby,Prefer not to say,"Teen (13-18), Young Adult (19-30), Adult (31-50)"
Badminton,Indoor Competitive hobby,Prefer not to say,"Teen (13-18), Young Adult (19-30), Adult (31-50), Senior (51-70)"
Baking,Indoor Competitive hobby,Female,"Child (1-12), Teen (13-18), Adult (31-50), Senior (51-70), Elder (71-100)"
Ballet dancing,Indoor Competitive hobby,Prefer not to say,"Child (1-12), Teen (13-18), Young Adult (19-30), Adult (31-50)"
Ballroom dancing,Indoor Competitive hobby,Prefer not to say,"Child (1-12), Teen (13-18), Young Adult (19-30), Adult (31-50)"
Baton twirling,Indoor Competitive hobby,Prefer not to say,"Teen (13-18), Young Adult (19-30), Adult (31-50)"
Beauty pageants,Indoor Competitive hobby,Prefer not to say,"Child (1-12), Teen (13-18), Young Adult (19-30), Adult (31-50)"
Billiards,Indoor Competitive hobby,Prefer not to say,"Teen (13-18), Young Adult (19-30), Adult (31-50)"
Book folding,Indoor Competitive hobby,Prefer not to say,"Teen (13-18), Young Adult (19-30), Adult (31-50), Senior (51-70), Elder (71-100)"
Bowling,Indoor Competitive hobby,Prefer not to say,"Teen (13-18), Young Adult (19-30), Adult (31-50)"
Boxing,Indoor Competitive hobby,Prefer not to say,"Teen (13-18), Young Adult (19-30), Adult (31-50)"
Bridge,Indoor Competitive hobby,Prefer not to say,"Teen (13-18), Young Adult (19-30), Adult (31-50), Senior (51-70), Elder (71-100)"
Cooking,Indoor Competitive hobby,Prefer not to say,"Teen (13-18), Young Adult (19-30), Adult (31-50), Senior (51-70), Elder (71-100)"
Checkers (draughts),Indoor Competitive hobby,Prefer not to say,"Teen (13-18), Young Adult (19-30), Adult (31-50), Senior (51-70), Elder (71-100)"
Cheerleading,Indoor Competitive hobby,Prefer not to say,"Teen (13-18), Young Adult (19-30), Adult (31-50), Senior (51-70), Elder (71-100)"
Chess,Indoor Competitive hobby,Prefer not to say,"Teen (13-18), Young Adult (19-30), Adult (31-50), Senior (51-70), Elder (71-100)"
Color guard,Indoor Competitive hobby,Prefer not to say,"Teen (13-18), Young Adult (19-30), Adult (31-50)"
Cribbage,Indoor Competitive hobby,Prefer not to say,"Teen (13-18), Young Adult (19-30), Adult (31-50)"
Curling,Indoor Competitive hobby,Prefer not to say,"Teen (13-18), Young Adult (19-30), Adult (31-50)"
Dancing,Indoor Competitive hobby,Prefer not to say,"Child (1-12), Teen (13-18), Young Adult (19-30), Adult (31-50)"
Darts,Indoor Competitive hobby,Prefer not to say,"Teen (13-18), Young Adult (19-30), Adult (31-50)"
Debate,Indoor Competitive hobby,Prefer not to say,"Teen (13-18), Young Adult (19-30), Adult (31-50)"
Dominoes,Indoor Competitive hobby,Prefer not to say,"Teen (13-18), Young Adult (19-30), Adult (31-50), Senior (51-70), Elder (71-100)"
Eating,Indoor Competitive hobby,Prefer not to say,"Teen (13-18), Young Adult (19-30), Adult (31-50), Senior (51-70), Elder (71-100)"
Esports,Indoor Competitive hobby,Prefer not to say,"Teen (13-18), Young Adult (19-30), Adult (31-50)"
Fencing,Indoor Competitive hobby,Prefer not to say,"Teen (13-18), Young Adult (19-30), Adult (31-50)"
Figure Skating,Indoor Competitive hobby,Prefer not to say,"Teen (13-18), Young Adult (19-30), Adult (31-50)"
Go,Indoor Competitive hobby,Prefer not to say,"Teen (13-18), Young Adult (19-30), Adult (31-50)"
Gymnastics,Indoor Competitive hobby,Prefer not to say,"Child (1-12), Teen (13-18), Young Adult (19-30), Adult (31-50)"
Ice hockey,Indoor Competitive hobby,Prefer not to say,"Teen (13-18), Young Adult (19-30), Adult (31-50)"
Ice skating,Indoor Competitive hobby,Prefer not to say,"Teen (13-18), Young Adult (19-30), Adult (31-50)"
Judo,Indoor Competitive hobby,Prefer not to say,"Teen (13-18), Young Adult (19-30), Adult (31-50)"
Jujitsu,Indoor Competitive hobby,Prefer not to say,"Teen (13-18), Young Adult (19-30), Adult (31-50)"
Kabaddi,Indoor Competitive hobby,Prefer not to say,"Teen (13-18), Young Adult (19-30), Adult (31-50)"
Knowledge/word games,Indoor Competitive hobby,Prefer not to say,"Teen (13-18), Young Adult (19-30), Adult (31-50), Senior (51-70), Elder (71-100)"
Laser tag,Indoor Competitive hobby,Prefer not to say,"Child (1-12), Teen (13-18), Young Adult (19-30)"
Magic,Indoor Competitive hobby,Prefer not to say,"Child (1-12), Teen (13-18), Young Adult (19-30), Adult (31-50)"
Mahjong,Indoor Competitive hobby,Prefer not to say,"Teen (13-18), Young Adult (19-30), Adult (31-50)"
Marbles,Indoor Competitive hobby,Prefer not to say,"Teen (13-18), Young Adult (19-30), Adult (31-50)"
Martial arts,Indoor Competitive hobby,Prefer not to say,"Teen (13-18), Young Adult (19-30), Adult (31-50)"
Model racing,Indoor Competitive hobby,Prefer not to say,"Teen (13-18), Young Adult (19-30), Adult (31-50)"
Model United Nations,Indoor Competitive hobby,Prefer not to say,"Teen (13-18), Young Adult (19-30), Adult (31-50)"
Pinball,Indoor Competitive hobby,Prefer not to say,"Teen (13-18), Young Adult (19-30), Adult (31-50)"
Poker,Indoor Competitive hobby,Prefer not to say,"Teen (13-18), Young Adult (19-30), Adult (31-50), Senior (51-70)"
Pole dancing,Indoor Competitive hobby,Prefer not to say,"Young Adult (19-30), Adult (31-50)"
Pool,Indoor Competitive hobby,Prefer not to say,"Teen (13-18), Young Adult (19-30), Adult (31-50)"
Radio-controlled model playing,Indoor Competitive hobby,Prefer not to say,"Teen (13-18), Young Adult (19-30), Adult (31-50)"
Role-playing games,Indoor Competitive hobby,Prefer not to say,"Teen (13-18), Young Adult (19-30), Adult (31-50)"
Rughooking,Indoor Competitive hobby,Prefer not to say,"Teen (13-18), Young Adult (19-30), Adult (31-50)"
Shogi,Indoor Competitive hobby,Prefer not to say,"Teen (13-18), Young Adult (19-30), Adult (31-50)"
Slot car racing,Indoor Competitive hobby,Prefer not to say,"Teen (13-18), Young Adult (19-30), Adult (31-50)"
Speedcubing,Indoor Competitive hobby,Prefer not to say,"Teen (13-18), Young Adult (19-30), Adult (31-50), Senior (51-70), Elder (71-100)"
Sport stacking,Indoor Competitive hobby,Prefer not to say,"Teen (13-18), Young Adult (19-30), Adult (31-50), Senior (51-70)"
Table football,Indoor Competitive hobby,Prefer not to say,"Child (1-12), Teen (13-18), Young Adult (19-30), Adult (31-50)"
Table tennis,Indoor Competitive hobby,Prefer not to say,"Teen (13-18), Young Adult (19-30), Adult (31-50), Senior (51-70)"
Volleyball,Indoor Competitive hobby,Prefer not to say,"Teen (13-18), Young Adult (19-30), Adult (31-50), Senior (51-70)"
Video gaming,Indoor Competitive hobby,Prefer not to say,"Child (1-12), Teen (13-18), Young Adult (19-30), Adult (31-50)"
VR gaming,Indoor Competitive hobby,Prefer not to say,"Child (1-12), Teen (13-18), Young Adult (19-30), Adult (31-50)"
Weightlifting,Indoor Competitive hobby,Prefer not to say,"Teen (13-18), Young Adult (19-30), Adult (31-50), Senior (51-70)"
Wrestling,Indoor Competitive hobby,Prefer not to say,"Teen (13-18), Young Adult (19-30), Adult (31-50), Senior (51-70)"
Airsoft,Outdoor Competitive hobby,Male,"Teen (13-18), Young Adult (19-30), Adult (31-50)"
Archery,Outdoor Competitive hobby,Male,"Teen (13-18), Young Adult (19-30), Adult (31-50), Senior (51-70)"
Association football,Outdoor Competitive hobby,Prefer not to say,"Teen (13-18), Young Adult (19-30), Adult (31-50)"
Australian rules football,Outdoor Competitive hobby,Prefer not to say,"Teen (13-18), Young Adult (19-30), Adult (31-50), Senior (51-70)"
Auto racing,Outdoor Competitive hobby,Male,"Teen (13-18), Young Adult (19-30), Adult (31-50)"
Baseball,Outdoor Competitive hobby,Prefer not to say,"Child (1-12), Teen (13-18), Young Adult (19-30), Adult (31-50)"
Beach volleyball,Outdoor Competitive hobby,Prefer not to say,"Teen (13-18), Young Adult (19-30), Adult (31-50)"
Breakdancing,Outdoor Competitive hobby,Prefer not to say,"Teen (13-18), Young Adult (19-30), Adult (31-50)"
capoeira,Outdoor Competitive hobby,Prefer not to say,"Teen (13-18), Young Adult (19-30), Adult (31-50)"
Climbing,Outdoor Competitive hobby,Prefer not to say,"Teen (13-18), Young Adult (19-30), Adult (31-50)"
Cornhole,Outdoor Competitive hobby,Prefer not to say,"Teen (13-18), Young Adult (19-30), Adult (31-50)"
Cricket,Outdoor Competitive hobby,Prefer not to say,"Teen (13-18), Young Adult (19-30), Adult (31-50)"
Croquet,Outdoor Competitive hobby,Prefer not to say,"Teen (13-18), Young Adult (19-30), Adult (31-50), Senior (51-70), Elder (71-100)"
Cycling,Outdoor Competitive hobby,Prefer not to say,"Teen (13-18), Young Adult (19-30), Adult (31-50), Senior (51-70)"
Disc golf,Outdoor Competitive hobby,Prefer not to say,"Teen (13-18), Young Adult (19-30), Adult (31-50), Senior (51-70), Elder (71-100)"
Dog sport,Outdoor Competitive hobby,Prefer not to say,"Teen (13-18), Young Adult (19-30), Adult (31-50), Senior (51-70), Elder (71-100)"
Equestrianism,Outdoor Competitive hobby,Prefer not to say,"Teen (13-18), Young Adult (19-30), Adult (31-50)"
Exhibition drill,Outdoor Competitive hobby,Prefer not to say,"Teen (13-18), Young Adult (19-30), Adult (31-50)"
Field hockey,Outdoor Competitive hobby,Prefer not to say,"Teen (13-18), Young Adult (19-30), Adult (31-50)"
Figure skating,Outdoor Competitive hobby,Prefer not to say,"Child (1-12), Teen (13-18), Young Adult (19-30), Adult (31-50)"
Fishing,Outdoor Competitive hobby,Male,"Teen (13-18), Young Adult (19-30), Adult (31-50), Senior (51-70), Elder (71-100)"
Fitness,Outdoor Competitive hobby,Prefer not to say,"Teen (13-18), Young Adult (19-30), Adult (31-50), Senior (51-70), Elder (71-100)"
Footbag,Outdoor Competitive hobby,Prefer not to say,"Teen (13-18), Young Adult (19-30), Adult (31-50)"
Frisbee,Outdoor Competitive hobby,Prefer not to say,"Child (1-12), Teen (13-18), Young Adult (19-30), Adult (31-50)"
Rugby league football,Outdoor Competitive hobby,Prefer not to say,"Teen (13-18), Young Adult (19-30), Adult (31-50)"
Sculling or rowing,Outdoor Competitive hobby,Prefer not to say,"Teen (13-18), Young Adult (19-30), Adult (31-50)"
Shooting sports,Outdoor Competitive hobby,Prefer not to say,"Teen (13-18), Young Adult (19-30), Adult (31-50)"
Skateboarding,Outdoor Competitive hobby,Prefer not to say,"Child (1-12), Teen (13-18), Young Adult (19-30), Adult (31-50)"
Skiing,Outdoor Competitive hobby,Prefer not to say,"Teen (13-18), Young Adult (19-30), Adult (31-50)"
Softball,Outdoor Competitive hobby,Prefer not to say,"Teen (13-18), Young Adult (19-30), Adult (31-50)"
Speed skating,Outdoor Competitive hobby,Prefer not to say,"Teen (13-18), Young Adult (19-30), Adult (31-50)"
Squash,Outdoor Competitive hobby,Prefer not to say,"Teen (13-18), Young Adult (19-30), Adult (31-50)"
Surfing,Outdoor Competitive hobby,Prefer not to say,"Teen (13-18), Young Adult (19-30), Adult (31-50)"
Swimming,Outdoor Competitive hobby,Prefer not to say,"Child (1-12), Teen (13-18), Young Adult (19-30), Adult (31-50), Senior (51-70), Elder (71-100)"
Table tennis,Outdoor Competitive hobby,Prefer not to say,"Teen (13-18), Young Adult (19-30), Adult (31-50), Senior (51-70), Elder (71-100)"
Tennis,Outdoor Competitive hobby,Prefer not to say,"Teen (13-18), Young Adult (19-30), Adult (31-50), Senior (51-70)"
Tennis polo,Outdoor Competitive hobby,Prefer not to say,"Teen (13-18), Young Adult (19-30), Adult (31-50)"
Tether car,Outdoor Competitive hobby,Prefer not to say,"Teen (13-18), Young Adult (19-30), Adult (31-50)"
Tour skating,Outdoor Competitive hobby,Prefer not to say,"Teen (13-18), Young Adult (19-30), Adult (31-50)"
Tourism,Outdoor Competitive hobby,Prefer not to say,"Teen (13-18), Young Adult (19-30), Adult (31-50), Senior (51-70), Elder (71-100)"
Trapshooting,Outdoor Competitive hobby,Prefer not to say,"Teen (13-18), Young Adult (19-30), Adult (31-50)"
Triathlon,Outdoor Competitive hobby,Prefer not to say,"Teen (13-18), Young Adult (19-30), Adult (31-50)"
Ultimate frisbee,Outdoor Competitive hobby,Prefer not to say,"Teen (13-18), Young Adult (19-30), Adult (31-50)"
Volleyball,Outdoor Competitive hobby,Prefer not to say,"Child (1-12), Teen (13-18), Young Adult (19-30), Adult (31-50)"
Water polo,Outdoor Competitive hobby,Prefer not to say,"Teen (13-18), Young Adult (19-30), Adult (31-50)"
Golfing,Outdoor Competitive hobby,Prefer not to say,"Young Adult (19-30), Adult (31-50), Senior (51-70)"
Handball,Outdoor Competitive hobby,Prefer not to say,"Teen (13-18), Young Adult (19-30), Adult (31-50)"
Horseback riding,Outdoor Competitive hobby,Prefer not to say,"Teen (13-18), Young Adult (19-30), Adult (31-50)"
Horsemanship,Outdoor Competitive hobby,Prefer not to say,"Teen (13-18), Young Adult (19-30), Adult (31-50)"
Horseshoes,Outdoor Competitive hobby,Prefer not to say,"Teen (13-18), Young Adult (19-30), Adult (31-50)"
Iceboat racing,Outdoor Competitive hobby,Prefer not to say,"Teen (13-18), Young Adult (19-30), Adult (31-50)"
Jukskei,Outdoor Competitive hobby,Prefer not to say,"Teen (13-18), Young Adult (19-30), Adult (31-50)"
Kart racing,Outdoor Competitive hobby,Prefer not to say,"Teen (13-18), Young Adult (19-30), Adult (31-50)"
Knife throwing,Outdoor Competitive hobby,Prefer not to say,"Young Adult (19-30), Adult (31-50)"
Lacrosse,Outdoor Competitive hobby,Prefer not to say,"Teen (13-18), Young Adult (19-30), Adult (31-50)"
Longboarding,Outdoor Competitive hobby,Prefer not to say,"Teen (13-18), Young Adult (19-30), Adult (31-50)"
Long-distance running,Outdoor Competitive hobby,Prefer not to say,"Teen (13-18), Young Adult (19-30), Adult (31-50)"
Marching band,Outdoor Competitive hobby,Male,"Teen (13-18), Young Adult (19-30), Adult (31-50)"
Mini Golf,Outdoor Competitive hobby,Prefer not to say,"Teen (13-18), Young Adult (19-30), Adult (31-50), Senior (51-70), Elder (71-100)"
Model aircraft,Outdoor Competitive hobby,Male,"Teen (13-18), Young Adult (19-30), Adult (31-50)"
Orienteering,Outdoor Competitive hobby,Prefer not to say,"Teen (13-18), Young Adult (19-30), Adult (31-50)"
Pickleball,Outdoor Competitive hobby,Prefer not to say,"Child (1-12), Teen (13-18), Young Adult (19-30), Adult (31-50)"
Powerboat racing,Outdoor Competitive hobby,Prefer not to say,"Teen (13-18), Young Adult (19-30), Adult (31-50)"
Quidditch,Outdoor Competitive hobby,Prefer not to say,"Child (1-12), Teen (13-18), Young Adult (19-30), Adult (31-50)"
Race walking,Outdoor Competitive hobby,Prefer not to say,"Teen (13-18), Young Adult (19-30), Adult (31-50)"
Racquetball,Outdoor Competitive hobby,Prefer not to say,"Teen (13-18), Young Adult (19-30), Adult (31-50)"
Radio-controlled car racing,Outdoor Competitive hobby,Prefer not to say,"Teen (13-18), Young Adult (19-30), Adult (31-50)"
Radio-controlled model playing,Outdoor Competitive hobby,Prefer not to say,"Teen (13-18), Young Adult (19-30), Adult (31-50)"
Roller derby,Outdoor Competitive hobby,Prefer not to say,"Teen (13-18), Young Adult (19-30), Adult (31-50)"
Audiophile,Indoor Observation hobby,Prefer not to say,"Teen (13-18), Young Adult (19-30), Adult (31-50)"
Ant farming,Indoor Observation hobby,Prefer not to say,"Teen (13-18), Young Adult (19-30), Adult (31-50), Senior (51-70), Elder (71-100)"
Fishkeeping,Indoor Observation hobby,Prefer not to say,"Teen (13-18), Young Adult (19-30), Adult (31-50), Senior (51-70), Elder (71-100)"
Learning,Indoor Observation hobby,Prefer not to say,"Child (1-12), Teen (13-18), Young Adult (19-30), Adult (31-50), Senior (51-70), Elder (71-100)"
Meditation,Indoor Observation hobby,Prefer not to say,"Teen (13-18), Young Adult (19-30), Adult (31-50), Senior (51-70), Elder (71-100)"
Microscopy,Indoor Observation hobby,Prefer not to say,"Child (1-12), Teen (13-18), Young Adult (19-30), Adult (31-50)"
Reading,Indoor Observation hobby,Prefer not to say,"Child (1-12), Teen (13-18), Young Adult (19-30), Adult (31-50), Senior (51-70), Elder (71-100)"
Research,Indoor Observation hobby,Male,"Teen (13-18), Young Adult (19-30), Adult (31-50)"
Shortwave listening,Indoor Observation hobby,Prefer not to say,"Teen (13-18), Young Adult (19-30), Adult (31-50)"
Aircraft spotting,Outdoor Observation hobby,Male,"Teen (13-18), Young Adult (19-30), Adult (31-50)"
Amateur astronomy,Outdoor Observation hobby,Prefer not to say,"Child (1-12), Teen (13-18), Young Adult (19-30), Adult (31-50)"
Beekeeping,Outdoor Observation hobby,Prefer not to say,"Teen (13-18), Young Adult (19-30), Adult (31-50)"
Benchmarking,Outdoor Observation hobby,Prefer not to say,"Teen (13-18), Young Adult (19-30), Adult (31-50)"
Birdwatching,Outdoor Observation hobby,Prefer not to say,"Young Adult (19-30), Adult (31-50), Senior (51-70), Elder (71-100)"
People-watching,Outdoor Observation hobby,Prefer not to say,"Teen (13-18), Young Adult (19-30), Adult (31-50)"
Photography,Outdoor Observation hobby,Prefer not to say,"Teen (13-18), Young Adult (19-30), Adult (31-50)"
Satellite watching,Outdoor Observation hobby,Prefer not to say,"Teen (13-18), Young Adult (19-30), Adult (31-50)"
Trainspotting,Outdoor Observation hobby,Prefer not to say,"Teen (13-18), Young Adult (19-30), Adult (31-50), Senior (51-70), Elder (71-100)"
Whale watching,Outdoor Observation hobby,Prefer not to say,"Teen (13-18), Young Adult (19-30), Adult (31-50), Senior (51-70), Elder (71-100)"
Butterfly watching,Outdoor Observation hobby,Prefer not to say,"Teen (13-18), Young Adult (19-30), Adult (31-50), Senior (51-70), Elder (71-100)"
Geocaching,Outdoor Observation hobby,Prefer not to say,"Teen (13-18), Young Adult (19-30), Adult (31-50)"
Gongoozling,Outdoor Observation hobby,Prefer not to say,"Teen (13-18), Young Adult (19-30), Adult (31-50)"
Herping,Outdoor Observation hobby,Prefer not to say,"Teen (13-18), Young Adult (19-30), Adult (31-50)"
Hiking/backpacking,Outdoor Observation hobby,Prefer not to say,"Young Adult (19-30), Adult (31-50), Senior (51-70)"
Meteorology,Outdoor Observation hobby,Prefer not to say,"Teen (13-18), Young Adult (19-30), Adult (31-50), Senior (51-70), Elder (71-100)"
