Hobby,Category,,Likely Age Groups
Painting,Creative & Artistic,"Child (1-12), Teen (13-18), Young Adult (19-30), Adult (31-50), Senior (51-70), Elder (71-100)",
Drawing,Creative & Artistic,"Child (1-12), Teen (13-18), Young Adult (19-30), Adult (31-50), Senior (51-70), Elder (71-100)",
Sketching,Creative & Artistic,"Child (1-12), Teen (13-18), Young Adult (19-30), Adult (31-50), Senior (51-70), Elder (71-100)",
Sculpting,Creative & Artistic,"Child (1-12), Teen (13-18), Young Adult (19-30), Adult (31-50), Senior (51-70), Elder (71-100)",
Calligraphy,Creative & Artistic,"Child (1-12), Teen (13-18), Young Adult (19-30), Adult (31-50), Senior (51-70), Elder (71-100)",
Photography,Creative & Artistic,"Child (1-12), Teen (13-18), Young Adult (19-30), Adult (31-50), Senior (51-70), Elder (71-100)",
Graphic Design,Creative & Artistic,"Child (1-12), Teen (13-18), Young Adult (19-30), Adult (31-50), Senior (51-70), Elder (71-100)",
Pottery,Creative & Artistic,"Child (1-12), Teen (13-18), Young Adult (19-30), Adult (31-50), Senior (51-70), Elder (71-100)",
Scrapbooking,Creative & Artistic,"Child (1-12), Teen (13-18), Young Adult (19-30), Adult (31-50), Senior (51-70), Elder (71-100)",
Origami,Creative & Artistic,"Child (1-12), Teen (13-18), Young Adult (19-30), Adult (31-50), Senior (51-70), Elder (71-100)",
Jewelry Making,Creative & Artistic,"Child (1-12), Teen (13-18), Young Adult (19-30), Adult (31-50), Senior (51-70), Elder (71-100)",
Knitting,Creative & Artistic,"Child (1-12), Teen (13-18), Young Adult (19-30), Adult (31-50), Senior (51-70), Elder (71-100)",
Crocheting,Creative & Artistic,"Child (1-12), Teen (13-18), Young Adult (19-30), Adult (31-50), Senior (51-70), Elder (71-100)",
Embroidery,Creative & Artistic,"Child (1-12), Teen (13-18), Young Adult (19-30), Adult (31-50), Senior (51-70), Elder (71-100)",
Sewing,Creative & Artistic,"Child (1-12), Teen (13-18), Young Adult (19-30), Adult (31-50), Senior (51-70), Elder (71-100)",
Quilting,Creative & Artistic,"Child (1-12), Teen (13-18), Young Adult (19-30), Adult (31-50), Senior (51-70), Elder (71-100)",
Weaving,Creative & Artistic,"Child (1-12), Teen (13-18), Young Adult (19-30), Adult (31-50), Senior (51-70), Elder (71-100)",
Woodworking,Creative & Artistic,"Child (1-12), Teen (13-18), Young Adult (19-30), Adult (31-50), Senior (51-70), Elder (71-100)",
Leather Crafting,Creative & Artistic,"Teen (13-18), Young Adult (19-30), Adult (31-50), Senior (51-70), Elder (71-100)",
Candle Making,Creative & Artistic,"Teen (13-18), Young Adult (19-30), Adult (31-50), Senior (51-70), Elder (71-100)",
Soap Making,Creative & Artistic,"Child (1-12), Teen (13-18), Young Adult (19-30), Adult (31-50), Senior (51-70), Elder (71-100)",
Floral Arranging,Creative & Artistic,"Child (1-12), Teen (13-18), Young Adult (19-30), Adult (31-50), Senior (51-70), Elder (71-100)",
Interior Decorating,Creative & Artistic,"Young Adult (19-30), Adult (31-50), Senior (51-70), Elder (71-100)",
Fashion Design,Creative & Artistic,"Teen (13-18), Young Adult (19-30), Adult (31-50), Senior (51-70), Elder (71-100)",
Makeup Artistry,Creative & Artistic,"Teen (13-18), Young Adult (19-30), Adult (31-50), Senior (51-70)",
Nail Art,Creative & Artistic,"Teen (13-18), Young Adult (19-30), Adult (31-50), Senior (51-70)",
Tattoo Design,Creative & Artistic,"Young Adult (19-30), Adult (31-50)",
Miniature Painting,Creative & Artistic,"Child (1-12), Teen (13-18), Young Adult (19-30), Adult (31-50), Senior (51-70), Elder (71-100)",
Model Building,Creative & Artistic,"Child (1-12), Teen (13-18), Young Adult (19-30), Adult (31-50), Senior (51-70), Elder (71-100)",
Model Railroading,Creative & Artistic,"Child (1-12), Teen (13-18), Young Adult (19-30), Adult (31-50), Senior (51-70), Elder (71-100)",
LEGO Building,Creative & Artistic,"Child (1-12), Teen (13-18), Young Adult (19-30)",
Meme Curation,Creative & Artistic,"Child (1-12), Teen (13-18), Young Adult (19-30)",
Stencil Art,Creative & Artistic,"Child (1-12), Teen (13-18), Young Adult (19-30), Adult (31-50), Senior (51-70), Elder (71-100)",
Coloring Books,Creative & Artistic,"Child (1-12), Teen (13-18), Young Adult (19-30), Adult (31-50), Senior (51-70), Elder (71-100)",
Ceramics,Creative & Artistic,"Teen (13-18), Young Adult (19-30), Adult (31-50), Senior (51-70), Elder (71-100)",
Decoupage,Creative & Artistic,"Teen (13-18), Young Adult (19-30), Adult (31-50), Senior (51-70), Elder (71-100)",
Clay Animation,Creative & Artistic,"Child (1-12), Teen (13-18), Young Adult (19-30), Adult (31-50), Senior (51-70), Elder (71-100)",
Face Painting,Creative & Artistic,"Child (1-12), Teen (13-18), Young Adult (19-30)",
T-Shirt Printing,Creative & Artistic,"Teen (13-18), Young Adult (19-30), Adult (31-50)",
Graffiti Art,Creative & Artistic,"Teen (13-18), Young Adult (19-30)",
Zine Making,Creative & Artistic,"Child (1-12), Teen (13-18), Young Adult (19-30), Adult (31-50), Senior (51-70), Elder (71-100)",
Playing Guitar,Music & Performing Arts,"Child (1-12), Teen (13-18), Young Adult (19-30), Adult (31-50), Senior (51-70), Elder (71-100)",
Playing Piano,Music & Performing Arts,"Child (1-12), Teen (13-18), Young Adult (19-30), Adult (31-50), Senior (51-70), Elder (71-100)",
Playing Drums,Music & Performing Arts,"Child (1-12), Teen (13-18), Young Adult (19-30), Adult (31-50), Senior (51-70), Elder (71-100)",
Playing Violin,Music & Performing Arts,"Child (1-12), Teen (13-18), Young Adult (19-30), Adult (31-50), Senior (51-70), Elder (71-100)",
Playing Flute,Music & Performing Arts,"Child (1-12), Teen (13-18), Young Adult (19-30), Adult (31-50), Senior (51-70), Elder (71-100)",
Playing Saxophone,Music & Performing Arts,"Child (1-12), Teen (13-18), Young Adult (19-30), Adult (31-50), Senior (51-70), Elder (71-100)",
Playing Ukulele,Music & Performing Arts,"Child (1-12), Teen (13-18), Young Adult (19-30), Adult (31-50), Senior (51-70), Elder (71-100)",
Playing Bass,Music & Performing Arts,"Child (1-12), Teen (13-18), Young Adult (19-30), Adult (31-50), Senior (51-70), Elder (71-100)",
Singing,Music & Performing Arts,"Child (1-12), Teen (13-18), Young Adult (19-30), Adult (31-50), Senior (51-70), Elder (71-100)",
Choral Singing,Music & Performing Arts,"Child (1-12), Teen (13-18), Young Adult (19-30), Adult (31-50), Senior (51-70), Elder (71-100)",
Opera Singing,Music & Performing Arts,"Child (1-12), Teen (13-18), Young Adult (19-30), Adult (31-50), Senior (51-70), Elder (71-100)",
Songwriting,Music & Performing Arts,"Child (1-12), Teen (13-18), Young Adult (19-30), Adult (31-50), Senior (51-70), Elder (71-100)",
Composing Music,Music & Performing Arts,"Child (1-12), Teen (13-18), Young Adult (19-30), Adult (31-50), Senior (51-70), Elder (71-100)",
DJing,Music & Performing Arts,"Teen (13-18), Young Adult (19-30), Adult (31-50), Senior (51-70)",
Beatboxing,Music & Performing Arts,"Child (1-12), Teen (13-18), Young Adult (19-30), Adult (31-50)",
Rapping,Music & Performing Arts,"Teen (13-18), Young Adult (19-30), Adult (31-50)",
Music Production,Music & Performing Arts,"Young Adult (19-30), Adult (31-50), Senior (51-70), Elder (71-100)",
Karaoke,Music & Performing Arts,"Child (1-12), Teen (13-18), Young Adult (19-30), Adult (31-50), Senior (51-70), Elder (71-100)",
Acting,Music & Performing Arts,"Child (1-12), Teen (13-18), Young Adult (19-30), Adult (31-50), Senior (51-70), Elder (71-100)",
Improv Comedy,Music & Performing Arts,"Teen (13-18), Young Adult (19-30), Adult (31-50), Senior (51-70), Elder (71-100)",
Stand-Up Comedy,Music & Performing Arts,"Teen (13-18), Young Adult (19-30), Adult (31-50), Senior (51-70), Elder (71-100)",
Dancing,Music & Performing Arts,"Child (1-12), Teen (13-18), Young Adult (19-30), Adult (31-50), Senior (51-70), Elder (71-100)",
Ballet,Music & Performing Arts,"Child (1-12), Teen (13-18), Young Adult (19-30), Adult (31-50), Senior (51-70), Elder (71-100)",
Jazz Dance,Music & Performing Arts,"Child (1-12), Teen (13-18), Young Adult (19-30), Adult (31-50), Senior (51-70), Elder (71-100)",
Hip Hop Dance,Music & Performing Arts,"Child (1-12), Teen (13-18), Young Adult (19-30), Adult (31-50), Senior (51-70), Elder (71-100)",
Ballroom Dancing,Music & Performing Arts,"Child (1-12), Teen (13-18), Young Adult (19-30), Adult (31-50), Senior (51-70), Elder (71-100)",
Magic Tricks,Music & Performing Arts,"Child (1-12), Teen (13-18), Young Adult (19-30), Adult (31-50), Senior (51-70), Elder (71-100)",
Mime,Music & Performing Arts,"Child (1-12), Teen (13-18), Young Adult (19-30), Adult (31-50), Senior (51-70), Elder (71-100)",
Puppetry,Music & Performing Arts,"Child (1-12), Teen (13-18), Young Adult (19-30), Adult (31-50), Senior (51-70), Elder (71-100)",
Voice Acting,Music & Performing Arts,"Child (1-12), Teen (13-18), Young Adult (19-30), Adult (31-50), Senior (51-70), Elder (71-100)",
Voiceover Practice,Music & Performing Arts,"Child (1-12), Teen (13-18), Young Adult (19-30), Adult (31-50), Senior (51-70), Elder (71-100)",
Script Reading,Music & Performing Arts,"Young Adult (19-30), Adult (31-50), Senior (51-70), Elder (71-100)",
Dialect Coaching,Music & Performing Arts,"Young Adult (19-30), Adult (31-50), Senior (51-70), Elder (71-100)",
Lip Syncing,Music & Performing Arts,"Child (1-12), Teen (13-18), Young Adult (19-30)",
TikTok Lip Dubbing,Music & Performing Arts,"Child (1-12), Teen (13-18), Young Adult (19-30), Adult (31-50), Senior (51-70), Elder (71-100)",
Impersonations,Music & Performing Arts,"Child (1-12), Teen (13-18), Young Adult (19-30), Adult (31-50), Senior (51-70), Elder (71-100)",
Audiobook Narration,Music & Performing Arts,"Child (1-12), Teen (13-18), Young Adult (19-30), Adult (31-50), Senior (51-70), Elder (71-100)",
Choir,Music & Performing Arts,"Child (1-12), Teen (13-18), Young Adult (19-30), Adult (31-50), Senior (51-70), Elder (71-100)",
Slam Poetry,Music & Performing Arts,"Teen (13-18), Young Adult (19-30), Adult (31-50), Senior (51-70)",
Theater Directing,Music & Performing Arts,"Teen (13-18), Young Adult (19-30), Adult (31-50), Senior (51-70), Elder (71-100)",
Musical Theater,Music & Performing Arts,"Child (1-12), Teen (13-18), Young Adult (19-30), Adult (31-50), Senior (51-70), Elder (71-100)",
Light Shows,Music & Performing Arts,"Child (1-12), Teen (13-18), Young Adult (19-30), Adult (31-50), Senior (51-70), Elder (71-100)",
Stage Lighting,Music & Performing Arts,"Teen (13-18), Young Adult (19-30), Adult (31-50), Senior (51-70), Elder (71-100)",
Soccer,Ball & Team Sports,"Child (1-12), Teen (13-18), Young Adult (19-30), Adult (31-50)",
Basketball,Ball & Team Sports,"Child (1-12), Teen (13-18), Young Adult (19-30), Adult (31-50)",
Baseball,Ball & Team Sports,"Child (1-12), Teen (13-18), Young Adult (19-30), Adult (31-50)",
Football,Ball & Team Sports,"Child (1-12), Teen (13-18), Young Adult (19-30), Adult (31-50)",
Volleyball,Ball & Team Sports,"Child (1-12), Teen (13-18), Young Adult (19-30), Adult (31-50)",
Tennis,Ball & Team Sports,"Child (1-12), Teen (13-18), Young Adult (19-30), Adult (31-50), Senior (51-70)",
Table Tennis,Ball & Team Sports,"Child (1-12), Teen (13-18), Young Adult (19-30), Adult (31-50), Senior (51-70)",
Badminton,Ball & Team Sports,"Child (1-12), Teen (13-18), Young Adult (19-30), Adult (31-50), Senior (51-70)",
Cricket,Ball & Team Sports,"Child (1-12), Teen (13-18), Young Adult (19-30), Adult (31-50), Senior (51-70)",
Rugby,Ball & Team Sports,"Child (1-12), Teen (13-18), Young Adult (19-30), Adult (31-50)",
Hockey,Ball & Team Sports,"Child (1-12), Teen (13-18), Young Adult (19-30), Adult (31-50)",
Field Hockey,Ball & Team Sports,"Child (1-12), Teen (13-18), Young Adult (19-30), Adult (31-50)",
Ice Hockey,Ball & Team Sports,"Child (1-12), Teen (13-18), Young Adult (19-30), Adult (31-50)",
Lacrosse,Ball & Team Sports,"Child (1-12), Teen (13-18), Young Adult (19-30), Adult (31-50)",
Dodgeball,Ball & Team Sports,"Child (1-12), Teen (13-18), Young Adult (19-30), Adult (31-50)",
Pickleball,Ball & Team Sports,"Child (1-12), Teen (13-18), Young Adult (19-30), Adult (31-50), Senior (51-70), Elder (71-100)",
Squash,Ball & Team Sports,"Child (1-12), Teen (13-18), Young Adult (19-30), Adult (31-50), Senior (51-70)",
Bowling,Ball & Team Sports,"Child (1-12), Teen (13-18), Young Adult (19-30), Adult (31-50), Senior (51-70), Elder (71-100)",
Ultimate Frisbee,Ball & Team Sports,"Child (1-12), Teen (13-18), Young Adult (19-30), Adult (31-50)",
Kickball,Ball & Team Sports,"Child (1-12), Teen (13-18), Young Adult (19-30), Adult (31-50)",
Handball,Ball & Team Sports,"Child (1-12), Teen (13-18), Young Adult (19-30), Adult (31-50)",
Water Polo,Ball & Team Sports,"Child (1-12), Teen (13-18), Young Adult (19-30), Adult (31-50)",
Futsal,Ball & Team Sports,"Child (1-12), Teen (13-18), Young Adult (19-30), Adult (31-50)",
Beach Volleyball,Ball & Team Sports,"Child (1-12), Teen (13-18), Young Adult (19-30), Adult (31-50)",
Softball,Ball & Team Sports,"Child (1-12), Teen (13-18), Young Adult (19-30), Adult (31-50)",
Streetball,Ball & Team Sports,"Child (1-12), Teen (13-18), Young Adult (19-30), Adult (31-50)",
Floorball,Ball & Team Sports,"Child (1-12), Teen (13-18), Young Adult (19-30), Adult (31-50)",
Video Gaming,Gaming & Puzzles,"Child (1-12), Teen (13-18), Young Adult (19-30), Adult (31-50)",
PC Gaming,Gaming & Puzzles,"Child (1-12), Teen (13-18), Young Adult (19-30), Adult (31-50)",
Console Gaming,Gaming & Puzzles,"Child (1-12), Teen (13-18), Young Adult (19-30), Adult (31-50)",
Mobile Gaming,Gaming & Puzzles,"Child (1-12), Teen (13-18), Young Adult (19-30), Adult (31-50)",
MMORPGs,Gaming & Puzzles,"Child (1-12), Teen (13-18), Young Adult (19-30), Adult (31-50)",
Game Streaming,Gaming & Puzzles,"Child (1-12), Teen (13-18), Young Adult (19-30), Adult (31-50)",
Speedrunning,Gaming & Puzzles,"Child (1-12), Teen (13-18), Young Adult (19-30), Adult (31-50)",
Board Games,Gaming & Puzzles,"Child (1-12), Teen (13-18), Young Adult (19-30), Adult (31-50), Senior (51-70), Elder (71-100)",
Card Games,Gaming & Puzzles,"Child (1-12), Teen (13-18), Young Adult (19-30), Adult (31-50), Senior (51-70), Elder (71-100)",
Puzzle Games,Gaming & Puzzles,"Child (1-12), Teen (13-18), Young Adult (19-30), Adult (31-50), Senior (51-70), Elder (71-100)",
Role-Playing Games,Gaming & Puzzles,"Child (1-12), Teen (13-18), Young Adult (19-30), Adult (31-50), Senior (51-70), Elder (71-100)",
Dungeons & Dragons,Gaming & Puzzles,"Child (1-12), Teen (13-18), Young Adult (19-30), Adult (31-50)",
Trading Card Games,Gaming & Puzzles,"Child (1-12), Teen (13-18), Young Adult (19-30), Adult (31-50)",
Esports,Gaming & Puzzles,"Child (1-12), Teen (13-18), Young Adult (19-30), Adult (31-50)",
Retro Gaming,Gaming & Puzzles,"Child (1-12), Teen (13-18), Young Adult (19-30), Adult (31-50)",
VR Gaming,Gaming & Puzzles,"Child (1-12), Teen (13-18), Young Adult (19-30), Adult (31-50)",
Game Collecting,Gaming & Puzzles,"Child (1-12), Teen (13-18), Young Adult (19-30), Adult (31-50), Senior (51-70), Elder (71-100)",
Puzzle Box Solving,Gaming & Puzzles,"Child (1-12), Teen (13-18), Young Adult (19-30), Adult (31-50), Senior (51-70), Elder (71-100)",
Speedcubing,Gaming & Puzzles,"Child (1-12), Teen (13-18), Young Adult (19-30), Adult (31-50), Senior (51-70), Elder (71-100)",
Rubikâ€™s Cube Variants,Gaming & Puzzles,"Child (1-12), Teen (13-18), Young Adult (19-30), Adult (31-50), Senior (51-70), Elder (71-100)",
Yo-Yo Tricks,Gaming & Puzzles,"Child (1-12), Teen (13-18), Young Adult (19-30), Adult (31-50), Senior (51-70), Elder (71-100)",
Juggling,Gaming & Puzzles,"Child (1-12), Teen (13-18), Young Adult (19-30), Adult (31-50), Senior (51-70), Elder (71-100)",
ARG (Alternate Reality Games),Gaming & Puzzles,"Child (1-12), Teen (13-18), Young Adult (19-30), Adult (31-50)",
Text-Based Games,Gaming & Puzzles,"Child (1-12), Teen (13-18), Young Adult (19-30), Adult (31-50), Senior (51-70), Elder (71-100)",
Escape Room Solving,Gaming & Puzzles,"Child (1-12), Teen (13-18), Young Adult (19-30), Adult (31-50)",
Fantasy Leagues,Gaming & Puzzles,"Child (1-12), Teen (13-18), Young Adult (19-30), Adult (31-50)",
Reading,Intellectual & Educational,"Child (1-12), Teen (13-18), Young Adult (19-30), Adult (31-50), Senior (51-70), Elder (71-100)",
Writing,Intellectual & Educational,"Child (1-12), Teen (13-18), Young Adult (19-30), Adult (31-50), Senior (51-70), Elder (71-100)",
Journaling,Intellectual & Educational,"Child (1-12), Teen (13-18), Young Adult (19-30), Adult (31-50), Senior (51-70), Elder (71-100)",
Poetry,Intellectual & Educational,"Child (1-12), Teen (13-18), Young Adult (19-30), Adult (31-50), Senior (51-70), Elder (71-100)",
Creative Writing,Intellectual & Educational,"Child (1-12), Teen (13-18), Young Adult (19-30), Adult (31-50), Senior (51-70), Elder (71-100)",
Blogging,Intellectual & Educational,"Child (1-12), Teen (13-18), Young Adult (19-30), Adult (31-50), Senior (51-70)",
Studying History,Intellectual & Educational,"Child (1-12), Teen (13-18), Young Adult (19-30), Adult (31-50), Senior (51-70), Elder (71-100)",
Studying Science,Intellectual & Educational,"Child (1-12), Teen (13-18), Young Adult (19-30), Adult (31-50), Senior (51-70), Elder (71-100)",
Studying Math,Intellectual & Educational,"Child (1-12), Teen (13-18), Young Adult (19-30), Adult (31-50), Senior (51-70), Elder (71-100)",
Philosophy,Intellectual & Educational,"Child (1-12), Teen (13-18), Young Adult (19-30), Adult (31-50), Senior (51-70), Elder (71-100)",
Learning Languages,Intellectual & Educational,"Child (1-12), Teen (13-18), Young Adult (19-30), Adult (31-50), Senior (51-70), Elder (71-100)",
Public Speaking,Intellectual & Educational,"Teen (13-18), Young Adult (19-30), Adult (31-50), Senior (51-70), Elder (71-100)",
Debating,Intellectual & Educational,"Teen (13-18), Young Adult (19-30), Adult (31-50), Senior (51-70), Elder (71-100)",
Crossword Puzzles,Intellectual & Educational,"Child (1-12), Teen (13-18), Young Adult (19-30), Adult (31-50), Senior (51-70), Elder (71-100)",
Sudoku,Intellectual & Educational,"Child (1-12), Teen (13-18), Young Adult (19-30), Adult (31-50), Senior (51-70), Elder (71-100)",
Trivia Games,Intellectual & Educational,"Child (1-12), Teen (13-18), Young Adult (19-30), Adult (31-50), Senior (51-70), Elder (71-100)",
Puzzles,Intellectual & Educational,"Child (1-12), Teen (13-18), Young Adult (19-30), Adult (31-50), Senior (51-70), Elder (71-100)",
Speed Reading,Intellectual & Educational,"Teen (13-18), Young Adult (19-30), Adult (31-50), Senior (51-70), Elder (71-100)",
Critical Thinking,Intellectual & Educational,"Teen (13-18), Young Adult (19-30), Adult (31-50), Senior (51-70), Elder (71-100)",
Documentary Watching,Intellectual & Educational,"Teen (13-18), Young Adult (19-30), Adult (31-50), Senior (51-70), Elder (71-100)",
Genealogy,Intellectual & Educational,"Teen (13-18), Young Adult (19-30), Adult (31-50), Senior (51-70), Elder (71-100)",
Ancestry Research,Intellectual & Educational,"Teen (13-18), Young Adult (19-30), Adult (31-50), Senior (51-70), Elder (71-100)",
Historical Fiction Reading,Intellectual & Educational,"Teen (13-18), Young Adult (19-30), Adult (31-50), Senior (51-70), Elder (71-100)",
Ancient Language Learning,Intellectual & Educational,"Teen (13-18), Young Adult (19-30), Adult (31-50), Senior (51-70), Elder (71-100)",
Philosophy Discussions,Intellectual & Educational,"Teen (13-18), Young Adult (19-30), Adult (31-50), Senior (51-70), Elder (71-100)",
Heraldry,Intellectual & Educational,"Young Adult (19-30), Adult (31-50), Senior (51-70), Elder (71-100)",
Chess,Intellectual & Educational,"Child (1-12), Teen (13-18), Young Adult (19-30), Adult (31-50), Senior (51-70), Elder (71-100)",
Cryptography,Intellectual & Educational,"Young Adult (19-30), Adult (31-50), Senior (51-70), Elder (71-100)",
Brain Training Apps,Intellectual & Educational,"Teen (13-18), Young Adult (19-30), Adult (31-50), Senior (51-70)",
Logic Puzzles,Intellectual & Educational,"Child (1-12), Teen (13-18), Young Adult (19-30), Adult (31-50), Senior (51-70), Elder (71-100)",
Scientific Experiments,Intellectual & Educational,"Child (1-12), Teen (13-18), Young Adult (19-30), Adult (31-50), Senior (51-70), Elder (71-100)",
Book Club,Intellectual & Educational,"Teen (13-18), Young Adult (19-30), Adult (31-50), Senior (51-70), Elder (71-100)",
Home Improvement,DIY & Technical,"Young Adult (19-30), Adult (31-50), Senior (51-70), Elder (71-100)",
Furniture Making,DIY & Technical,"Young Adult (19-30), Adult (31-50), Senior (51-70), Elder (71-100)",
Upcycling,DIY & Technical,"Young Adult (19-30), Adult (31-50), Senior (51-70), Elder (71-100)",
Decorating,DIY & Technical,"Child (1-12), Teen (13-18), Young Adult (19-30), Adult (31-50), Senior (51-70), Elder (71-100)",
Tattoo Designing,DIY & Technical,"Young Adult (19-30), Adult (31-50), Senior (51-70), Elder (71-100)",
Electronics Repair,DIY & Technical,"Young Adult (19-30), Adult (31-50), Senior (51-70), Elder (71-100)",
Tinkering,DIY & Technical,"Young Adult (19-30), Adult (31-50), Senior (51-70), Elder (71-100)",
3D Printing,DIY & Technical,"Teen (13-18), Young Adult (19-30), Adult (31-50), Senior (51-70)",
3D Modeling,DIY & Technical,"Teen (13-18), Young Adult (19-30), Adult (31-50), Senior (51-70)",
App Development,DIY & Technical,"Teen (13-18), Young Adult (19-30), Adult (31-50), Senior (51-70)",
Web Development,DIY & Technical,"Teen (13-18), Young Adult (19-30), Adult (31-50), Senior (51-70)",
Coding,DIY & Technical,"Teen (13-18), Young Adult (19-30), Adult (31-50), Senior (51-70)",
Ethical Hacking,DIY & Technical,"Teen (13-18), Young Adult (19-30), Adult (31-50), Senior (51-70)",
Cybersecurity,DIY & Technical,"Teen (13-18), Young Adult (19-30), Adult (31-50), Senior (51-70)",
Linux Customization,DIY & Technical,"Teen (13-18), Young Adult (19-30), Adult (31-50), Senior (51-70)",
Building PCs,DIY & Technical,"Teen (13-18), Young Adult (19-30), Adult (31-50), Senior (51-70)",
Tech Repair,DIY & Technical,"Teen (13-18), Young Adult (19-30), Adult (31-50), Senior (51-70)",
Gadget Collecting,DIY & Technical,"Teen (13-18), Young Adult (19-30), Adult (31-50), Senior (51-70)",
AR Development,DIY & Technical,"Teen (13-18), Young Adult (19-30), Adult (31-50), Senior (51-70)",
AI Experimentation,DIY & Technical,"Teen (13-18), Young Adult (19-30), Adult (31-50), Senior (51-70)",
Chatbot Building,DIY & Technical,"Teen (13-18), Young Adult (19-30), Adult (31-50), Senior (51-70)",
Data Science Projects,DIY & Technical,"Teen (13-18), Young Adult (19-30), Adult (31-50), Senior (51-70)",
Blockchain Development,DIY & Technical,"Teen (13-18), Young Adult (19-30), Adult (31-50), Senior (51-70)",
Ham Radio,DIY & Technical,"Teen (13-18), Young Adult (19-30), Adult (31-50), Senior (51-70), Elder (71-100)",
Arduino Projects,DIY & Technical,"Teen (13-18), Young Adult (19-30), Adult (31-50), Senior (51-70), Elder (71-100)",
Raspberry Pi Projects,DIY & Technical,"Teen (13-18), Young Adult (19-30), Adult (31-50), Senior (51-70), Elder (71-100)",
DIY Robotics,DIY & Technical,"Teen (13-18), Young Adult (19-30), Adult (31-50), Senior (51-70), Elder (71-100)",
Home Chemistry,DIY & Technical,"Teen (13-18), Young Adult (19-30), Adult (31-50), Senior (51-70), Elder (71-100)",
Weather Tracking,DIY & Technical,"Teen (13-18), Young Adult (19-30), Adult (31-50), Senior (51-70), Elder (71-100)",
Knife Making,DIY & Technical,"Young Adult (19-30), Adult (31-50), Senior (51-70), Elder (71-100)",
Blacksmithing,DIY & Technical,"Young Adult (19-30), Adult (31-50), Senior (51-70), Elder (71-100)",
Glass Etching,DIY & Technical,"Young Adult (19-30), Adult (31-50), Senior (51-70), Elder (71-100)",
Welding,DIY & Technical,"Young Adult (19-30), Adult (31-50), Senior (51-70), Elder (71-100)",
Metalworking,DIY & Technical,"Young Adult (19-30), Adult (31-50), Senior (51-70), Elder (71-100)",
Soldering,DIY & Technical,"Young Adult (19-30), Adult (31-50), Senior (51-70), Elder (71-100)",
Restoration Projects,DIY & Technical,"Young Adult (19-30), Adult (31-50), Senior (51-70), Elder (71-100)",
Antique Repair,DIY & Technical,"Young Adult (19-30), Adult (31-50), Senior (51-70), Elder (71-100)",
Auto Repair,DIY & Technical,"Young Adult (19-30), Adult (31-50), Senior (51-70), Elder (71-100)",
Running,Physical & Fitness,"Child (1-12), Teen (13-18), Young Adult (19-30), Adult (31-50), Senior (51-70), Elder (71-100)",
Jogging,Physical & Fitness,"Child (1-12), Teen (13-18), Young Adult (19-30), Adult (31-50), Senior (51-70), Elder (71-100)",
Walking,Physical & Fitness,"Child (1-12), Teen (13-18), Young Adult (19-30), Adult (31-50), Senior (51-70), Elder (71-100)",
Hiking,Physical & Fitness,"Child (1-12), Teen (13-18), Young Adult (19-30), Adult (31-50), Senior (51-70), Elder (71-100)",
Cycling,Physical & Fitness,"Child (1-12), Teen (13-18), Young Adult (19-30), Adult (31-50), Senior (51-70), Elder (71-100)",
Swimming,Physical & Fitness,"Child (1-12), Teen (13-18), Young Adult (19-30), Adult (31-50), Senior (51-70), Elder (71-100)",
Skating,Physical & Fitness,"Child (1-12), Teen (13-18), Young Adult (19-30), Adult (31-50)",
Rollerblading,Physical & Fitness,"Child (1-12), Teen (13-18), Young Adult (19-30), Adult (31-50)",
Ice Skating,Physical & Fitness,"Child (1-12), Teen (13-18), Young Adult (19-30), Adult (31-50)",
Rock Climbing,Physical & Fitness,"Child (1-12), Teen (13-18), Young Adult (19-30), Adult (31-50)",
Skiing,Physical & Fitness,"Child (1-12), Teen (13-18), Young Adult (19-30), Adult (31-50), Senior (51-70)",
Snowboarding,Physical & Fitness,"Child (1-12), Teen (13-18), Young Adult (19-30), Adult (31-50), Senior (51-70)",
Martial Arts,Physical & Fitness,"Child (1-12), Teen (13-18), Young Adult (19-30), Adult (31-50), Senior (51-70)",
Karate,Physical & Fitness,"Child (1-12), Teen (13-18), Young Adult (19-30), Adult (31-50), Senior (51-70)",
Taekwondo,Physical & Fitness,"Child (1-12), Teen (13-18), Young Adult (19-30), Adult (31-50), Senior (51-70)",
Boxing,Physical & Fitness,"Child (1-12), Teen (13-18), Young Adult (19-30), Adult (31-50)",
Kickboxing,Physical & Fitness,"Child (1-12), Teen (13-18), Young Adult (19-30), Adult (31-50)",
Yoga,Physical & Fitness,"Teen (13-18), Young Adult (19-30), Adult (31-50), Senior (51-70), Elder (71-100)",
Pilates,Physical & Fitness,"Teen (13-18), Young Adult (19-30), Adult (31-50), Senior (51-70), Elder (71-100)",
Tai Chi,Physical & Fitness,"Young Adult (19-30), Adult (31-50), Senior (51-70), Elder (71-100)",
Weightlifting,Physical & Fitness,"Teen (13-18), Young Adult (19-30), Adult (31-50), Senior (51-70)",
Bodybuilding,Physical & Fitness,"Teen (13-18), Young Adult (19-30), Adult (31-50), Senior (51-70)",
Calisthenics,Physical & Fitness,"Teen (13-18), Young Adult (19-30), Adult (31-50), Senior (51-70)",
CrossFit,Physical & Fitness,"Teen (13-18), Young Adult (19-30), Adult (31-50), Senior (51-70)",
Pole Fitness,Physical & Fitness,"Young Adult (19-30), Adult (31-50)",
Dance Fitness,Physical & Fitness,"Child (1-12), Teen (13-18), Young Adult (19-30), Adult (31-50), Senior (51-70), Elder (71-100)",
Jump Rope,Physical & Fitness,"Child (1-12), Teen (13-18), Young Adult (19-30), Adult (31-50)",
Aerobics,Physical & Fitness,"Child (1-12), Teen (13-18), Young Adult (19-30), Adult (31-50), Senior (51-70), Elder (71-100)",
Obstacle Racing,Physical & Fitness,"Child (1-12), Teen (13-18), Young Adult (19-30), Adult (31-50)",
Parkour,Physical & Fitness,"Teen (13-18), Young Adult (19-30)",
Bouldering,Physical & Fitness,"Child (1-12), Teen (13-18), Young Adult (19-30), Adult (31-50)",
Zumba,Physical & Fitness,"Teen (13-18), Young Adult (19-30), Adult (31-50), Senior (51-70), Elder (71-100)",
HIIT,Physical & Fitness,"Teen (13-18), Young Adult (19-30)",
Mountain Running,Physical & Fitness,"Teen (13-18), Young Adult (19-30), Adult (31-50)",
Stretching,Physical & Fitness,"Child (1-12), Teen (13-18), Young Adult (19-30), Adult (31-50), Senior (51-70), Elder (71-100)",
Breathwork,Physical & Fitness,"Child (1-12), Teen (13-18), Young Adult (19-30), Adult (31-50), Senior (51-70), Elder (71-100)",
Going to the Gym,Physical & Fitness,"Teen (13-18), Young Adult (19-30), Adult (31-50), Senior (51-70), Elder (71-100)",
Powerlifting,Physical & Fitness,"Teen (13-18), Young Adult (19-30), Adult (31-50), Senior (51-70), Elder (71-100)",
Olympic Lifting,Physical & Fitness,"Teen (13-18), Young Adult (19-30), Adult (31-50), Senior (51-70), Elder (71-100)",
Group Fitness Classes,Physical & Fitness,"Child (1-12), Teen (13-18), Young Adult (19-30), Adult (31-50), Senior (51-70), Elder (71-100)",
Spinning,Physical & Fitness,"Teen (13-18), Young Adult (19-30), Adult (31-50), Senior (51-70)",
Step Aerobics,Physical & Fitness,"Teen (13-18), Young Adult (19-30), Adult (31-50), Senior (51-70)",
Rebounding (Mini Trampoline Workouts),Physical & Fitness,"Teen (13-18), Young Adult (19-30), Adult (31-50), Senior (51-70)",
Functional Training,Physical & Fitness,"Teen (13-18), Young Adult (19-30), Adult (31-50), Senior (51-70)",
TRX Training,Physical & Fitness,"Teen (13-18), Young Adult (19-30), Adult (31-50), Senior (51-70)",
Barre Workouts,Physical & Fitness,"Teen (13-18), Young Adult (19-30), Adult (31-50), Senior (51-70)",
Stretch Classes,Physical & Fitness,"Teen (13-18), Young Adult (19-30), Adult (31-50), Senior (51-70), Elder (71-100)",
Mobility Work,Physical & Fitness,"Teen (13-18), Young Adult (19-30), Adult (31-50), Senior (51-70), Elder (71-100)",
Tabata,Physical & Fitness,"Teen (13-18), Young Adult (19-30), Adult (31-50), Senior (51-70), Elder (71-100)",
Personal Training,Physical & Fitness,"Young Adult (19-30), Adult (31-50), Senior (51-70)",
Fitness Challenges,Physical & Fitness,"Teen (13-18), Young Adult (19-30), Adult (31-50)",
Fitness Vlogging,Physical & Fitness,"Teen (13-18), Young Adult (19-30), Adult (31-50)",
Fitness Tracking (Wearables),Physical & Fitness,"Teen (13-18), Young Adult (19-30), Adult (31-50)",
Skateboarding,Physical & Fitness,"Child (1-12), Teen (13-18), Young Adult (19-30)",
BMX Riding,Physical & Fitness,"Child (1-12), Teen (13-18), Young Adult (19-30)",
Scootering,Physical & Fitness,"Child (1-12), Teen (13-18), Young Adult (19-30)",
Freestyle Scootering,Physical & Fitness,"Child (1-12), Teen (13-18), Young Adult (19-30)",
Inline Skating,Physical & Fitness,"Child (1-12), Teen (13-18), Young Adult (19-30)",
Street Cycling,Physical & Fitness,"Child (1-12), Teen (13-18), Young Adult (19-30)",
Longboarding,Physical & Fitness,"Child (1-12), Teen (13-18), Young Adult (19-30)",
Freestyle Biking,Physical & Fitness,"Child (1-12), Teen (13-18), Young Adult (19-30), Adult (31-50), Senior (51-70)",
Urban Freerunning,Physical & Fitness,"Teen (13-18), Young Adult (19-30), Adult (31-50), Senior (51-70), Elder (71-100)",
Street Luge,Physical & Fitness,"Teen (13-18), Young Adult (19-30)",
Camping,Outdoor & Nature,"Child (1-12), Teen (13-18), Young Adult (19-30), Adult (31-50), Senior (51-70), Elder (71-100)",
Fishing,Outdoor & Nature,"Teen (13-18), Young Adult (19-30), Adult (31-50), Senior (51-70), Elder (71-100)",
Hunting,Outdoor & Nature,"Teen (13-18), Young Adult (19-30), Adult (31-50), Senior (51-70), Elder (71-100)",
Bird Watching,Outdoor & Nature,"Child (1-12), Teen (13-18), Young Adult (19-30), Adult (31-50), Senior (51-70), Elder (71-100)",
Beekeeping,Outdoor & Nature,"Young Adult (19-30), Adult (31-50), Senior (51-70), Elder (71-100)",
Foraging,Outdoor & Nature,"Child (1-12), Teen (13-18), Young Adult (19-30), Adult (31-50), Senior (51-70)",
Stargazing,Outdoor & Nature,"Child (1-12), Teen (13-18), Young Adult (19-30), Adult (31-50), Senior (51-70), Elder (71-100)",
Gardening,Outdoor & Nature,"Teen (13-18), Young Adult (19-30), Adult (31-50), Senior (51-70), Elder (71-100)",
Botany,Outdoor & Nature,"Teen (13-18), Young Adult (19-30), Adult (31-50), Senior (51-70), Elder (71-100)",
Geocaching,Outdoor & Nature,"Teen (13-18), Young Adult (19-30), Adult (31-50), Senior (51-70), Elder (71-100)",
Nature Photography,Outdoor & Nature,"Teen (13-18), Young Adult (19-30), Adult (31-50), Senior (51-70), Elder (71-100)",
Backpacking,Outdoor & Nature,"Teen (13-18), Young Adult (19-30), Adult (31-50), Senior (51-70), Elder (71-100)",
Kayaking,Outdoor & Nature,"Teen (13-18), Young Adult (19-30), Adult (31-50), Senior (51-70), Elder (71-100)",
Canoeing,Outdoor & Nature,"Teen (13-18), Young Adult (19-30), Adult (31-50), Senior (51-70), Elder (71-100)",
Paddleboarding,Outdoor & Nature,"Teen (13-18), Young Adult (19-30), Adult (31-50), Senior (51-70), Elder (71-100)",
Sailing,Outdoor & Nature,"Teen (13-18), Young Adult (19-30), Adult (31-50), Senior (51-70), Elder (71-100)",
Surfing,Outdoor & Nature,"Teen (13-18), Young Adult (19-30), Adult (31-50), Senior (51-70)",
Scuba Diving,Outdoor & Nature,"Child (1-12), Teen (13-18), Young Adult (19-30), Adult (31-50), Senior (51-70)",
Snorkeling,Outdoor & Nature,"Child (1-12), Teen (13-18), Young Adult (19-30), Adult (31-50), Senior (51-70)",
Mountain Biking,Outdoor & Nature,"Teen (13-18), Young Adult (19-30), Adult (31-50), Senior (51-70)",
Horseback Riding,Outdoor & Nature,"Child (1-12), Teen (13-18), Young Adult (19-30), Adult (31-50), Senior (51-70), Elder (71-100)",
Archery,Outdoor & Nature,"Child (1-12), Teen (13-18), Young Adult (19-30), Adult (31-50), Senior (51-70)",
Metal Detecting,Outdoor & Nature,"Child (1-12), Teen (13-18), Young Adult (19-30), Adult (31-50), Senior (51-70)",
Bushcraft,Outdoor & Nature,"Child (1-12), Teen (13-18), Young Adult (19-30), Adult (31-50), Senior (51-70)",
Tracking,Outdoor & Nature,"Child (1-12), Teen (13-18), Young Adult (19-30), Adult (31-50), Senior (51-70)",
Whittling,Outdoor & Nature,"Teen (13-18), Young Adult (19-30), Adult (31-50), Senior (51-70)",
Compass Navigation,Outdoor & Nature,"Teen (13-18), Young Adult (19-30), Adult (31-50), Senior (51-70)",
Nature Journaling,Outdoor & Nature,"Teen (13-18), Young Adult (19-30), Adult (31-50), Senior (51-70)",
Rock Balancing,Outdoor & Nature,"Child (1-12), Teen (13-18), Young Adult (19-30), Adult (31-50), Senior (51-70)",
Snowshoeing,Outdoor & Nature,"Teen (13-18), Young Adult (19-30), Adult (31-50), Senior (51-70)",
Tree Climbing,Outdoor & Nature,"Child (1-12), Teen (13-18), Young Adult (19-30), Adult (31-50)",
Dog Training,Animals & Pets,"Child (1-12), Teen (13-18), Young Adult (19-30), Adult (31-50), Senior (51-70), Elder (71-100)",
Cat Training,Animals & Pets,"Child (1-12), Teen (13-18), Young Adult (19-30), Adult (31-50), Senior (51-70), Elder (71-100)",
Pet Grooming,Animals & Pets,"Child (1-12), Teen (13-18), Young Adult (19-30), Adult (31-50), Senior (51-70), Elder (71-100)",
Pet Photography,Animals & Pets,"Child (1-12), Teen (13-18), Young Adult (19-30), Adult (31-50), Senior (51-70), Elder (71-100)",
Aquarium Aquascaping,Animals & Pets,"Child (1-12), Teen (13-18), Young Adult (19-30), Adult (31-50), Senior (51-70), Elder (71-100)",
Fishkeeping,Animals & Pets,"Child (1-12), Teen (13-18), Young Adult (19-30), Adult (31-50), Senior (51-70), Elder (71-100)",
Reptile Keeping,Animals & Pets,"Child (1-12), Teen (13-18), Young Adult (19-30), Adult (31-50), Senior (51-70), Elder (71-100)",
Falconry,Animals & Pets,"Young Adult (19-30), Adult (31-50), Senior (51-70), Elder (71-100)",
Animal Rescue Volunteering,Animals & Pets,"Teen (13-18), Young Adult (19-30), Adult (31-50), Senior (51-70), Elder (71-100)",
Dog Walking,Animals & Pets,"Child (1-12), Teen (13-18), Young Adult (19-30), Adult (31-50), Senior (51-70)",
Chicken Keeping,Animals & Pets,"Child (1-12), Teen (13-18), Young Adult (19-30), Adult (31-50), Senior (51-70), Elder (71-100)",
Pet Sitting,Animals & Pets,"Child (1-12), Teen (13-18), Young Adult (19-30), Adult (31-50), Senior (51-70), Elder (71-100)",
Pet Blogging,Animals & Pets,"Child (1-12), Teen (13-18), Young Adult (19-30), Adult (31-50), Senior (51-70)",
Exotic Pet Keeping,Animals & Pets,"Teen (13-18), Young Adult (19-30), Adult (31-50), Senior (51-70), Elder (71-100)",
Bird Training,Animals & Pets,"Teen (13-18), Young Adult (19-30), Adult (31-50), Senior (51-70), Elder (71-100)",
Dog Agility Training,Animals & Pets,"Teen (13-18), Young Adult (19-30), Adult (31-50), Senior (51-70), Elder (71-100)",
Pet Costume Design,Animals & Pets,"Young Adult (19-30), Adult (31-50), Senior (51-70), Elder (71-100)",
Horse Training,Animals & Pets,"Teen (13-18), Young Adult (19-30), Adult (31-50), Senior (51-70), Elder (71-100)",
Pet Trick Training,Animals & Pets,"Teen (13-18), Young Adult (19-30), Adult (31-50), Senior (51-70), Elder (71-100)",
Pet Fashion,Animals & Pets,"Teen (13-18), Young Adult (19-30), Adult (31-50), Senior (51-70), Elder (71-100)",
YouTube Vlogging,Content & Media,"Teen (13-18), Young Adult (19-30), Adult (31-50)",
TikTok Videos,Content & Media,"Teen (13-18), Young Adult (19-30), Adult (31-50)",
Instagram Content Creation,Content & Media,"Teen (13-18), Young Adult (19-30), Adult (31-50)",
Video Editing,Content & Media,"Teen (13-18), Young Adult (19-30), Adult (31-50)",
Podcasting,Content & Media,"Teen (13-18), Young Adult (19-30), Adult (31-50), Senior (51-70)",
Voice Acting,Content & Media,"Teen (13-18), Young Adult (19-30), Adult (31-50), Senior (51-70)",
Filmmaking,Content & Media,"Teen (13-18), Young Adult (19-30), Adult (31-50), Senior (51-70)",
Screenwriting,Content & Media,"Teen (13-18), Young Adult (19-30), Adult (31-50), Senior (51-70)",
Stop Motion,Content & Media,"Teen (13-18), Young Adult (19-30), Adult (31-50)",
Animation,Content & Media,"Teen (13-18), Young Adult (19-30), Adult (31-50)",
Short Film Production,Content & Media,"Teen (13-18), Young Adult (19-30), Adult (31-50), Senior (51-70)",
Content Planning,Content & Media,"Teen (13-18), Young Adult (19-30), Adult (31-50)",
Social Media Management,Content & Media,"Teen (13-18), Young Adult (19-30), Adult (31-50)",
Influencer Marketing,Content & Media,"Teen (13-18), Young Adult (19-30), Adult (31-50)",
Travel Blogging,Content & Media,"Teen (13-18), Young Adult (19-30), Adult (31-50), Senior (51-70)",
Recipe Blogging,Content & Media,"Teen (13-18), Young Adult (19-30), Adult (31-50), Senior (51-70)",
TV Show Blogging,Content & Media,"Teen (13-18), Young Adult (19-30), Adult (31-50), Senior (51-70)",
ASMR Recording,Content & Media,"Teen (13-18), Young Adult (19-30), Adult (31-50)",
Live Streaming,Content & Media,"Teen (13-18), Young Adult (19-30), Adult (31-50)",
Twitch Gaming,Content & Media,"Teen (13-18), Young Adult (19-30), Adult (31-50)",
Tutorial Videos,Content & Media,"Teen (13-18), Young Adult (19-30), Adult (31-50)",
Photo Editing,Content & Media,"Teen (13-18), Young Adult (19-30), Adult (31-50)",
Cleaning,Cleaning & Organizing,"Young Adult (19-30), Adult (31-50), Senior (51-70), Elder (71-100)",
Decluttering,Cleaning & Organizing,"Young Adult (19-30), Adult (31-50), Senior (51-70), Elder (71-100)",
Organization,Cleaning & Organizing,"Young Adult (19-30), Adult (31-50), Senior (51-70), Elder (71-100)",
Room Makeovers,Cleaning & Organizing,"Young Adult (19-30), Adult (31-50), Senior (51-70), Elder (71-100)",
Interior Styling,Cleaning & Organizing,"Young Adult (19-30), Adult (31-50), Senior (51-70), Elder (71-100)",
Time Blocking,Cleaning & Organizing,"Young Adult (19-30), Adult (31-50), Senior (51-70), Elder (71-100)",
Bullet Journaling,Cleaning & Organizing,"Teen (13-18), Young Adult (19-30), Adult (31-50), Senior (51-70), Elder (71-100)",
Household Budgeting,Cleaning & Organizing,"Young Adult (19-30), Adult (31-50), Senior (51-70), Elder (71-100)",
Meal Planning,Cleaning & Organizing,"Young Adult (19-30), Adult (31-50), Senior (51-70), Elder (71-100)",
Watching Movies,Entertainment & Leisure,"Child (1-12), Teen (13-18), Young Adult (19-30), Adult (31-50), Senior (51-70), Elder (71-100)",
Watching TV Shows,Entertainment & Leisure,"Child (1-12), Teen (13-18), Young Adult (19-30), Adult (31-50), Senior (51-70), Elder (71-100)",
Binge Watching,Entertainment & Leisure,"Child (1-12), Teen (13-18), Young Adult (19-30), Adult (31-50), Senior (51-70), Elder (71-100)",
Going to the Theater,Entertainment & Leisure,"Child (1-12), Teen (13-18), Young Adult (19-30), Adult (31-50), Senior (51-70), Elder (71-100)",
Going to the Cinema,Entertainment & Leisure,"Child (1-12), Teen (13-18), Young Adult (19-30), Adult (31-50), Senior (51-70), Elder (71-100)",
Film Reviewing,Entertainment & Leisure,"Teen (13-18), Young Adult (19-30), Adult (31-50), Senior (51-70), Elder (71-100)",
Watching Anime,Entertainment & Leisure,"Child (1-12), Teen (13-18), Young Adult (19-30), Adult (31-50), Senior (51-70)",
Attending Concerts,Entertainment & Leisure,"Teen (13-18), Young Adult (19-30), Adult (31-50), Senior (51-70), Elder (71-100)",
Listening to Podcasts,Entertainment & Leisure,"Teen (13-18), Young Adult (19-30), Adult (31-50), Senior (51-70)",
Listening to Audiobooks,Entertainment & Leisure,"Teen (13-18), Young Adult (19-30), Adult (31-50), Senior (51-70), Elder (71-100)",
Collecting DVDs,Entertainment & Leisure,"Teen (13-18), Young Adult (19-30), Adult (31-50), Senior (51-70), Elder (71-100)",
Watching Sports,Entertainment & Leisure,"Child (1-12), Teen (13-18), Young Adult (19-30), Adult (31-50), Senior (51-70), Elder (71-100)",
Fantasy Sports,Entertainment & Leisure,"Child (1-12), Teen (13-18), Young Adult (19-30), Adult (31-50), Senior (51-70), Elder (71-100)",
Streaming Series,Entertainment & Leisure,"Child (1-12), Teen (13-18), Young Adult (19-30), Adult (31-50), Senior (51-70), Elder (71-100)",
True Crime Watching,Entertainment & Leisure,"Young Adult (19-30), Adult (31-50), Senior (51-70), Elder (71-100)",
Reality TV Watching,Entertainment & Leisure,"Teen (13-18), Young Adult (19-30), Adult (31-50)",
Trivia Nights,Entertainment & Leisure,"Young Adult (19-30), Adult (31-50), Senior (51-70), Elder (71-100)",
Escape Rooms,Entertainment & Leisure,"Teen (13-18), Young Adult (19-30), Adult (31-50), Senior (51-70)",
Board Game Nights,Entertainment & Leisure,"Child (1-12), Teen (13-18), Young Adult (19-30), Adult (31-50), Senior (51-70), Elder (71-100)",
Fan Fiction Writing,Entertainment & Leisure,"Teen (13-18), Young Adult (19-30), Adult (31-50), Senior (51-70), Elder (71-100)",
Cosplay,Entertainment & Leisure,"Child (1-12), Teen (13-18), Young Adult (19-30)",
K-Drama Watching,Entertainment & Leisure,"Teen (13-18), Young Adult (19-30), Adult (31-50)",
Comic Reading,Entertainment & Leisure,"Child (1-12), Teen (13-18), Young Adult (19-30), Adult (31-50)",
Manga Collecting,Entertainment & Leisure,"Child (1-12), Teen (13-18), Young Adult (19-30), Adult (31-50)",
Pop Culture Memorabilia,Entertainment & Leisure,"Teen (13-18), Young Adult (19-30), Adult (31-50), Senior (51-70)",
Virtual Concerts,Entertainment & Leisure,"Young Adult (19-30), Adult (31-50), Senior (51-70), Elder (71-100)",
VR Experiences,Entertainment & Leisure,"Teen (13-18), Young Adult (19-30), Adult (31-50)",
eBook Collecting,Entertainment & Leisure,"Teen (13-18), Young Adult (19-30), Adult (31-50), Senior (51-70), Elder (71-100)",
Stand-Up Watching,Entertainment & Leisure,"Child (1-12), Teen (13-18), Young Adult (19-30), Adult (31-50), Senior (51-70), Elder (71-100)",
Volunteering,Social & Lifestyle,"Teen (13-18), Young Adult (19-30), Adult (31-50), Senior (51-70), Elder (71-100)",
Traveling,Social & Lifestyle,"Child (1-12), Teen (13-18), Young Adult (19-30), Adult (31-50), Senior (51-70), Elder (71-100)",
Event Planning,Social & Lifestyle,"Young Adult (19-30), Adult (31-50), Senior (51-70), Elder (71-100)",
Hosting Dinner Parties,Social & Lifestyle,"Young Adult (19-30), Adult (31-50), Senior (51-70), Elder (71-100)",
Brewery Tours,Social & Lifestyle,"Young Adult (19-30), Adult (31-50), Senior (51-70), Elder (71-100)",
Museum Visits,Social & Lifestyle,"Young Adult (19-30), Adult (31-50), Senior (51-70), Elder (71-100)",
Antiquing,Social & Lifestyle,"Young Adult (19-30), Adult (31-50), Senior (51-70), Elder (71-100)",
Thrifting,Social & Lifestyle,"Teen (13-18), Young Adult (19-30), Adult (31-50), Senior (51-70), Elder (71-100)",
Fashion Styling,Social & Lifestyle,"Teen (13-18), Young Adult (19-30), Adult (31-50), Senior (51-70), Elder (71-100)",
Minimalist Living,Social & Lifestyle,"Young Adult (19-30), Adult (31-50), Senior (51-70), Elder (71-100)",
Van Life,Social & Lifestyle,"Young Adult (19-30), Adult (31-50), Senior (51-70), Elder (71-100)",
Tiny House Living,Social & Lifestyle,"Young Adult (19-30), Adult (31-50), Senior (51-70), Elder (71-100)",
Couchsurfing,Social & Lifestyle,"Young Adult (19-30), Adult (31-50), Senior (51-70), Elder (71-100)",
Stamp Collecting,Social & Lifestyle,"Young Adult (19-30), Adult (31-50), Senior (51-70), Elder (71-100)",
Coin Collecting,Social & Lifestyle,"Young Adult (19-30), Adult (31-50), Senior (51-70), Elder (71-100)",
Sneaker Collecting,Social & Lifestyle,"Teen (13-18), Young Adult (19-30), Adult (31-50), Senior (51-70), Elder (71-100)",
Toy Collecting,Social & Lifestyle,"Child (1-12), Teen (13-18), Young Adult (19-30), Adult (31-50)",
Comic Collecting,Social & Lifestyle,"Child (1-12), Teen (13-18), Young Adult (19-30), Adult (31-50)",
Action Figure Collecting,Social & Lifestyle,"Child (1-12), Teen (13-18), Young Adult (19-30), Adult (31-50)",
Bonsai Growing,Social & Lifestyle,"Young Adult (19-30), Adult (31-50), Senior (51-70), Elder (71-100)",
Guinness Record Attempting,Social & Lifestyle,"Young Adult (19-30), Adult (31-50), Senior (51-70), Elder (71-100)",
Theme Party Hosting,Social & Lifestyle,"Young Adult (19-30), Adult (31-50), Senior (51-70), Elder (71-100)",
Attending Conventions,Social & Lifestyle,"Young Adult (19-30), Adult (31-50), Senior (51-70), Elder (71-100)",
Charity Work,Social & Lifestyle,"Young Adult (19-30), Adult (31-50), Senior (51-70), Elder (71-100)",
Fundraising,Social & Lifestyle,"Young Adult (19-30), Adult (31-50), Senior (51-70), Elder (71-100)",
Local Politics,Social & Lifestyle,"Young Adult (19-30), Adult (31-50), Senior (51-70), Elder (71-100)",
Community Gardening,Social & Lifestyle,"Young Adult (19-30), Adult (31-50), Senior (51-70), Elder (71-100)",
Barista,Social & Lifestyle,"Young Adult (19-30), Adult (31-50), Senior (51-70), Elder (71-100)",
Shopping,Social & Lifestyle,"Teen (13-18), Young Adult (19-30), Adult (31-50), Senior (51-70), Elder (71-100)",
Jewelry,Social & Lifestyle,"Teen (13-18), Young Adult (19-30), Adult (31-50), Senior (51-70), Elder (71-100)",
Skincare,Social & Lifestyle,"Teen (13-18), Young Adult (19-30), Adult (31-50), Senior (51-70), Elder (71-100)",
Makeup,Social & Lifestyle,"Teen (13-18), Young Adult (19-30), Adult (31-50), Senior (51-70), Elder (71-100)",
Wellness,Wellness & Spirituality,"Young Adult (19-30), Adult (31-50), Senior (51-70), Elder (71-100)",
Spirituality,Wellness & Spirituality,"Young Adult (19-30), Adult (31-50), Senior (51-70), Elder (71-100)",
Meditation,Wellness & Spirituality,"Young Adult (19-30), Adult (31-50), Senior (51-70), Elder (71-100)",
Astrology,Wellness & Spirituality,"Young Adult (19-30), Adult (31-50), Senior (51-70), Elder (71-100)",
Cooking,Culinary & Beverage,"Child (1-12), Teen (13-18), Young Adult (19-30), Adult (31-50), Senior (51-70), Elder (71-100)",
Baking,Culinary & Beverage,"Child (1-12), Teen (13-18), Young Adult (19-30), Adult (31-50), Senior (51-70), Elder (71-100)",
Grilling,Culinary & Beverage,"Young Adult (19-30), Adult (31-50), Senior (51-70), Elder (71-100)",
Meal Prepping,Culinary & Beverage,"Young Adult (19-30), Adult (31-50), Senior (51-70), Elder (71-100)",
Food Photography,Culinary & Beverage,"Young Adult (19-30), Adult (31-50), Senior (51-70), Elder (71-100)",
Cake Decorating,Culinary & Beverage,"Teen (13-18), Young Adult (19-30), Adult (31-50), Senior (51-70), Elder (71-100)",
Fermenting,Culinary & Beverage,"Young Adult (19-30), Adult (31-50), Senior (51-70), Elder (71-100)",
Cheese Making,Culinary & Beverage,"Young Adult (19-30), Adult (31-50), Senior (51-70), Elder (71-100)",
Beer Brewing,Culinary & Beverage,"Young Adult (19-30), Adult (31-50), Senior (51-70), Elder (71-100)",
Wine Making,Culinary & Beverage,"Young Adult (19-30), Adult (31-50), Senior (51-70), Elder (71-100)",
Coffee Roasting,Culinary & Beverage,"Young Adult (19-30), Adult (31-50), Senior (51-70), Elder (71-100)",
Mixology,Culinary & Beverage,"Young Adult (19-30), Adult (31-50), Senior (51-70), Elder (71-100)",
Tea Tasting,Culinary & Beverage,"Young Adult (19-30), Adult (31-50), Senior (51-70), Elder (71-100)",
Chili Growing,Culinary & Beverage,"Young Adult (19-30), Adult (31-50), Senior (51-70), Elder (71-100)",
Canning & Preserving,Culinary & Beverage,"Young Adult (19-30), Adult (31-50), Senior (51-70), Elder (71-100)",
Food Criticizing,Culinary & Beverage,"Teen (13-18), Young Adult (19-30), Adult (31-50), Senior (51-70), Elder (71-100)",
Food Blogging,Culinary & Beverage,"Teen (13-18), Young Adult (19-30), Adult (31-50), Senior (51-70), Elder (71-100)",
Food Vlogging,Culinary & Beverage,"Teen (13-18), Young Adult (19-30), Adult (31-50), Senior (51-70), Elder (71-100)",
Restaurant Hopping,Culinary & Beverage,"Young Adult (19-30), Adult (31-50), Senior (51-70), Elder (71-100)",
Sushi Making,Culinary & Beverage,"Teen (13-18), Young Adult (19-30), Adult (31-50), Senior (51-70), Elder (71-100)",
Chocolate Making,Culinary & Beverage,"Teen (13-18), Young Adult (19-30), Adult (31-50), Senior (51-70), Elder (71-100)",
Wine Tasting,Culinary & Beverage,"Young Adult (19-30), Adult (31-50), Senior (51-70), Elder (71-100)",
Stock Trading,Financial & Investment,"Young Adult (19-30), Adult (31-50), Senior (51-70), Elder (71-100)",
Crypto Investing,Financial & Investment,"Young Adult (19-30), Adult (31-50), Senior (51-70), Elder (71-100)",
Real Estate Investing,Financial & Investment,"Young Adult (19-30), Adult (31-50), Senior (51-70), Elder (71-100)",
Budgeting,Financial & Investment,"Young Adult (19-30), Adult (31-50), Senior (51-70), Elder (71-100)",
Couponing,Financial & Investment,"Young Adult (19-30), Adult (31-50), Senior (51-70), Elder (71-100)",
Flipping Items,Financial & Investment,"Young Adult (19-30), Adult (31-50), Senior (51-70), Elder (71-100)",
Credit Card Hacking,Financial & Investment,"Young Adult (19-30), Adult (31-50), Senior (51-70), Elder (71-100)",
Dividend Investing,Financial & Investment,"Young Adult (19-30), Adult (31-50), Senior (51-70), Elder (71-100)",
Fantasy Investing Games,Financial & Investment,"Young Adult (19-30), Adult (31-50), Senior (51-70), Elder (71-100)",
Autograph Collecting,Collecting & Curating,"Child (1-12), Teen (13-18), Young Adult (19-30), Adult (31-50), Senior (51-70), Elder (71-100)",
Bottle Cap Collecting,Collecting & Curating,"Child (1-12), Teen (13-18), Young Adult (19-30), Adult (31-50), Senior (51-70), Elder (71-100)",
Fossil Collecting,Collecting & Curating,"Child (1-12), Teen (13-18), Young Adult (19-30), Adult (31-50), Senior (51-70), Elder (71-100)",
Card Collecting,Collecting & Curating,"Child (1-12), Teen (13-18), Young Adult (19-30), Adult (31-50), Senior (51-70), Elder (71-100)",
Travel Planning,Travel & Exploration,"Young Adult (19-30), Adult (31-50), Senior (51-70), Elder (71-100)",
Urban Exploration,Travel & Exploration,"Young Adult (19-30), Adult (31-50), Senior (51-70), Elder (71-100)",
Road Tripping,Travel & Exploration,"Young Adult (19-30), Adult (31-50), Senior (51-70), Elder (71-100)",
Visiting Landmarks,Travel & Exploration,"Young Adult (19-30), Adult (31-50), Senior (51-70), Elder (71-100)",
Cruising,Travel & Exploration,"Young Adult (19-30), Adult (31-50), Senior (51-70), Elder (71-100)",
Cultural Exchange,Travel & Exploration,"Young Adult (19-30), Adult (31-50), Senior (51-70), Elder (71-100)",
Language Immersion Travel,Travel & Exploration,"Young Adult (19-30), Adult (31-50), Senior (51-70), Elder (71-100)",
Driving,Automotive & Motorsports,"Young Adult (19-30), Adult (31-50), Senior (51-70), Elder (71-100)",
Car Restoration,Automotive & Motorsports,"Young Adult (19-30), Adult (31-50), Senior (51-70), Elder (71-100)",
Motorcycle Riding,Automotive & Motorsports,"Young Adult (19-30), Adult (31-50), Senior (51-70), Elder (71-100)",
Car Maintenance,Automotive & Motorsports,"Young Adult (19-30), Adult (31-50), Senior (51-70), Elder (71-100)",
Auto Detailing,Automotive & Motorsports,"Young Adult (19-30), Adult (31-50), Senior (51-70), Elder (71-100)",
Attending Car Shows,Automotive & Motorsports,"Young Adult (19-30), Adult (31-50), Senior (51-70), Elder (71-100)",
Off-Roading,Automotive & Motorsports,"Young Adult (19-30), Adult (31-50), Senior (51-70), Elder (71-100)",
Go-Karting,Automotive & Motorsports,"Young Adult (19-30), Adult (31-50), Senior (51-70), Elder (71-100)",
Motorsports Watching,Automotive & Motorsports,"Young Adult (19-30), Adult (31-50), Senior (51-70), Elder (71-100)",
Racing,Automotive & Motorsports,"Young Adult (19-30), Adult (31-50), Senior (51-70), Elder (71-100)",
Car Collecting,Automotive & Motorsports,"Young Adult (19-30), Adult (31-50), Senior (51-70), Elder (71-100)",
